[2025-03-02T21:12:47.110-0500] {manager.py:487} INFO - Processing files using up to 1 processes at a time 
[2025-03-02T21:12:47.110-0500] {manager.py:488} INFO - Process each file at most once every 30 seconds
[2025-03-02T21:12:47.110-0500] {manager.py:489} INFO - Checking for new files in /Users/atulkumar/Documents/MLOperations/MLOps/Data-Pipeline/dags every 300 seconds
[2025-03-02T21:12:47.110-0500] {manager.py:758} INFO - Searching for files in /Users/atulkumar/Documents/MLOperations/MLOps/Data-Pipeline/dags
[2025-03-02T21:12:47.127-0500] {manager.py:761} INFO - There are 48 files in /Users/atulkumar/Documents/MLOperations/MLOps/Data-Pipeline/dags
[2025-03-02T21:12:48.497-0500] {manager.py:889} INFO - 
================================================================================
DAG File Processing Stats

File Path                                                                                                                                                        PID    Runtime      # DAGs    # Errors  Last Runtime    Last Run
---------------------------------------------------------------------------------------------------------------------------------------------------------------  -----  ---------  --------  ----------  --------------  -------------------
/Users/atulkumar/Documents/MLOperations/MLOps/Data-Pipeline/dags/test_pipeline_dag.py                                                                                                     0           0
/Users/atulkumar/Documents/MLOperations/MLOps/venv/lib/python3.11/site-packages/airflow/example_dags/example_latest_only.py                                                               0           0
/Users/atulkumar/Documents/MLOperations/MLOps/venv/lib/python3.11/site-packages/airflow/example_dags/example_local_kubernetes_executor.py                                                 0           0
/Users/atulkumar/Documents/MLOperations/MLOps/venv/lib/python3.11/site-packages/airflow/example_dags/example_task_group_decorator.py                                                      0           0
/Users/atulkumar/Documents/MLOperations/MLOps/venv/lib/python3.11/site-packages/airflow/example_dags/example_complex.py                                                                   0           0
/Users/atulkumar/Documents/MLOperations/MLOps/venv/lib/python3.11/site-packages/airflow/example_dags/example_python_operator.py                                                           0           0
/Users/atulkumar/Documents/MLOperations/MLOps/venv/lib/python3.11/site-packages/airflow/example_dags/tutorial_taskflow_api_virtualenv.py                                                  0           0
/Users/atulkumar/Documents/MLOperations/MLOps/venv/lib/python3.11/site-packages/airflow/example_dags/example_params_trigger_ui.py                                                         0           0
/Users/atulkumar/Documents/MLOperations/MLOps/venv/lib/python3.11/site-packages/airflow/example_dags/example_external_task_marker_dag.py                                                  0           0
/Users/atulkumar/Documents/MLOperations/MLOps/venv/lib/python3.11/site-packages/airflow/example_dags/example_bash_operator.py                                                             0           0
/Users/atulkumar/Documents/MLOperations/MLOps/venv/lib/python3.11/site-packages/airflow/example_dags/example_short_circuit_operator.py                                                    0           0
/Users/atulkumar/Documents/MLOperations/MLOps/venv/lib/python3.11/site-packages/airflow/example_dags/example_setup_teardown.py                                                            0           0
/Users/atulkumar/Documents/MLOperations/MLOps/venv/lib/python3.11/site-packages/airflow/example_dags/example_branch_operator.py                                                           0           0
/Users/atulkumar/Documents/MLOperations/MLOps/venv/lib/python3.11/site-packages/airflow/example_dags/example_branch_labels.py                                                             0           0
/Users/atulkumar/Documents/MLOperations/MLOps/venv/lib/python3.11/site-packages/airflow/example_dags/tutorial_taskflow_api.py                                                             0           0
/Users/atulkumar/Documents/MLOperations/MLOps/venv/lib/python3.11/site-packages/airflow/example_dags/example_task_group.py                                                                0           0
/Users/atulkumar/Documents/MLOperations/MLOps/venv/lib/python3.11/site-packages/airflow/example_dags/tutorial.py                                                                          0           0
/Users/atulkumar/Documents/MLOperations/MLOps/venv/lib/python3.11/site-packages/airflow/example_dags/example_sla_dag.py                                                                   0           0
/Users/atulkumar/Documents/MLOperations/MLOps/venv/lib/python3.11/site-packages/airflow/example_dags/example_passing_params_via_test_command.py                                           0           0
/Users/atulkumar/Documents/MLOperations/MLOps/venv/lib/python3.11/site-packages/airflow/example_dags/example_latest_only_with_trigger.py                                                  0           0
/Users/atulkumar/Documents/MLOperations/MLOps/venv/lib/python3.11/site-packages/airflow/example_dags/example_time_delta_sensor_async.py                                                   0           0
/Users/atulkumar/Documents/MLOperations/MLOps/venv/lib/python3.11/site-packages/airflow/example_dags/example_dag_decorator.py                                                             0           0
/Users/atulkumar/Documents/MLOperations/MLOps/venv/lib/python3.11/site-packages/airflow/example_dags/example_xcom.py                                                                      0           0
/Users/atulkumar/Documents/MLOperations/MLOps/venv/lib/python3.11/site-packages/airflow/example_dags/example_xcomargs.py                                                                  0           0
/Users/atulkumar/Documents/MLOperations/MLOps/venv/lib/python3.11/site-packages/airflow/example_dags/example_branch_operator_decorator.py                                                 0           0
/Users/atulkumar/Documents/MLOperations/MLOps/venv/lib/python3.11/site-packages/airflow/example_dags/example_branch_day_of_week_operator.py                                               0           0
/Users/atulkumar/Documents/MLOperations/MLOps/venv/lib/python3.11/site-packages/airflow/example_dags/example_skip_dag.py                                                                  0           0
/Users/atulkumar/Documents/MLOperations/MLOps/venv/lib/python3.11/site-packages/airflow/example_dags/example_short_circuit_decorator.py                                                   0           0
/Users/atulkumar/Documents/MLOperations/MLOps/venv/lib/python3.11/site-packages/airflow/example_dags/example_datasets.py                                                                  0           0
/Users/atulkumar/Documents/MLOperations/MLOps/venv/lib/python3.11/site-packages/airflow/example_dags/tutorial_dag.py                                                                      0           0
/Users/atulkumar/Documents/MLOperations/MLOps/venv/lib/python3.11/site-packages/airflow/example_dags/example_trigger_target_dag.py                                                        0           0
/Users/atulkumar/Documents/MLOperations/MLOps/venv/lib/python3.11/site-packages/airflow/example_dags/example_sensor_decorator.py                                                          0           0
/Users/atulkumar/Documents/MLOperations/MLOps/venv/lib/python3.11/site-packages/airflow/example_dags/example_kubernetes_executor.py                                                       0           0
/Users/atulkumar/Documents/MLOperations/MLOps/venv/lib/python3.11/site-packages/airflow/example_dags/example_branch_python_dop_operator_3.py                                              0           0
/Users/atulkumar/Documents/MLOperations/MLOps/venv/lib/python3.11/site-packages/airflow/example_dags/example_sensors.py                                                                   0           0
/Users/atulkumar/Documents/MLOperations/MLOps/venv/lib/python3.11/site-packages/airflow/example_dags/example_setup_teardown_taskflow.py                                                   0           0
/Users/atulkumar/Documents/MLOperations/MLOps/venv/lib/python3.11/site-packages/airflow/example_dags/example_branch_datetime_operator.py                                                  0           0
/Users/atulkumar/Documents/MLOperations/MLOps/venv/lib/python3.11/site-packages/airflow/example_dags/example_nested_branch_dag.py                                                         0           0
/Users/atulkumar/Documents/MLOperations/MLOps/venv/lib/python3.11/site-packages/airflow/example_dags/example_subdag_operator.py                                                           0           0
/Users/atulkumar/Documents/MLOperations/MLOps/venv/lib/python3.11/site-packages/airflow/example_dags/example_dynamic_task_mapping_with_no_taskflow_operators.py                           0           0
/Users/atulkumar/Documents/MLOperations/MLOps/venv/lib/python3.11/site-packages/airflow/example_dags/example_trigger_controller_dag.py                                                    0           0
/Users/atulkumar/Documents/MLOperations/MLOps/venv/lib/python3.11/site-packages/airflow/example_dags/example_params_ui_tutorial.py                                                        0           0
/Users/atulkumar/Documents/MLOperations/MLOps/venv/lib/python3.11/site-packages/airflow/example_dags/example_dynamic_task_mapping.py                                                      0           0
/Users/atulkumar/Documents/MLOperations/MLOps/venv/lib/python3.11/site-packages/airflow/example_dags/plugins/workday.py                                                                   0           0
/Users/atulkumar/Documents/MLOperations/MLOps/venv/lib/python3.11/site-packages/airflow/example_dags/plugins/event_listener.py                                                            0           0
/Users/atulkumar/Documents/MLOperations/MLOps/venv/lib/python3.11/site-packages/airflow/example_dags/plugins/listener_plugin.py                                                           0           0
/Users/atulkumar/Documents/MLOperations/MLOps/venv/lib/python3.11/site-packages/airflow/example_dags/subdags/subdag.py                                                                    0           0
/Users/atulkumar/Documents/MLOperations/MLOps/Data-Pipeline/dags/dag_test.py                                                                                                              1           0  1.06s           2025-03-03T02:12:48
================================================================================
[2025-03-02T21:13:18.844-0500] {manager.py:889} INFO - 
================================================================================
DAG File Processing Stats

File Path                                                                                                                                                        PID    Runtime      # DAGs    # Errors  Last Runtime    Last Run
---------------------------------------------------------------------------------------------------------------------------------------------------------------  -----  ---------  --------  ----------  --------------  -------------------
/Users/atulkumar/Documents/MLOperations/MLOps/venv/lib/python3.11/site-packages/airflow/example_dags/example_latest_only.py                                                               0           0
/Users/atulkumar/Documents/MLOperations/MLOps/venv/lib/python3.11/site-packages/airflow/example_dags/example_local_kubernetes_executor.py                                                 0           0
/Users/atulkumar/Documents/MLOperations/MLOps/venv/lib/python3.11/site-packages/airflow/example_dags/example_complex.py                                                                   0           0
/Users/atulkumar/Documents/MLOperations/MLOps/venv/lib/python3.11/site-packages/airflow/example_dags/example_python_operator.py                                                           0           0
/Users/atulkumar/Documents/MLOperations/MLOps/venv/lib/python3.11/site-packages/airflow/example_dags/tutorial_taskflow_api_virtualenv.py                                                  0           0  0.97s           2025-03-03T02:12:59
/Users/atulkumar/Documents/MLOperations/MLOps/venv/lib/python3.11/site-packages/airflow/example_dags/example_params_trigger_ui.py                                                         0           0
/Users/atulkumar/Documents/MLOperations/MLOps/venv/lib/python3.11/site-packages/airflow/example_dags/example_external_task_marker_dag.py                                                  0           0
/Users/atulkumar/Documents/MLOperations/MLOps/venv/lib/python3.11/site-packages/airflow/example_dags/example_bash_operator.py                                                             0           0
/Users/atulkumar/Documents/MLOperations/MLOps/venv/lib/python3.11/site-packages/airflow/example_dags/example_short_circuit_operator.py                                                    0           0
/Users/atulkumar/Documents/MLOperations/MLOps/venv/lib/python3.11/site-packages/airflow/example_dags/example_setup_teardown.py                                                            0           0
/Users/atulkumar/Documents/MLOperations/MLOps/venv/lib/python3.11/site-packages/airflow/example_dags/example_branch_operator.py                                                           0           0
/Users/atulkumar/Documents/MLOperations/MLOps/venv/lib/python3.11/site-packages/airflow/example_dags/example_branch_labels.py                                                             0           0
/Users/atulkumar/Documents/MLOperations/MLOps/venv/lib/python3.11/site-packages/airflow/example_dags/example_task_group.py                                                                0           0
/Users/atulkumar/Documents/MLOperations/MLOps/venv/lib/python3.11/site-packages/airflow/example_dags/example_sla_dag.py                                                                   0           0
/Users/atulkumar/Documents/MLOperations/MLOps/venv/lib/python3.11/site-packages/airflow/example_dags/example_passing_params_via_test_command.py                                           0           0
/Users/atulkumar/Documents/MLOperations/MLOps/venv/lib/python3.11/site-packages/airflow/example_dags/example_latest_only_with_trigger.py                                                  0           0
/Users/atulkumar/Documents/MLOperations/MLOps/venv/lib/python3.11/site-packages/airflow/example_dags/example_dag_decorator.py                                                             0           0
/Users/atulkumar/Documents/MLOperations/MLOps/venv/lib/python3.11/site-packages/airflow/example_dags/example_branch_operator_decorator.py                                                 0           0
/Users/atulkumar/Documents/MLOperations/MLOps/venv/lib/python3.11/site-packages/airflow/example_dags/example_branch_day_of_week_operator.py                                               0           0
/Users/atulkumar/Documents/MLOperations/MLOps/venv/lib/python3.11/site-packages/airflow/example_dags/example_skip_dag.py                                                                  0           0
/Users/atulkumar/Documents/MLOperations/MLOps/venv/lib/python3.11/site-packages/airflow/example_dags/example_short_circuit_decorator.py                                                   0           0
/Users/atulkumar/Documents/MLOperations/MLOps/venv/lib/python3.11/site-packages/airflow/example_dags/example_datasets.py                                                                  0           0
/Users/atulkumar/Documents/MLOperations/MLOps/venv/lib/python3.11/site-packages/airflow/example_dags/example_sensor_decorator.py                                                          0           0
/Users/atulkumar/Documents/MLOperations/MLOps/venv/lib/python3.11/site-packages/airflow/example_dags/example_kubernetes_executor.py                                                       0           0
/Users/atulkumar/Documents/MLOperations/MLOps/venv/lib/python3.11/site-packages/airflow/example_dags/example_branch_python_dop_operator_3.py                                              0           0
/Users/atulkumar/Documents/MLOperations/MLOps/venv/lib/python3.11/site-packages/airflow/example_dags/example_sensors.py                                                                   0           0
/Users/atulkumar/Documents/MLOperations/MLOps/venv/lib/python3.11/site-packages/airflow/example_dags/example_setup_teardown_taskflow.py                                                   0           0
/Users/atulkumar/Documents/MLOperations/MLOps/venv/lib/python3.11/site-packages/airflow/example_dags/example_branch_datetime_operator.py                                                  0           0
/Users/atulkumar/Documents/MLOperations/MLOps/venv/lib/python3.11/site-packages/airflow/example_dags/example_nested_branch_dag.py                                                         0           0
/Users/atulkumar/Documents/MLOperations/MLOps/venv/lib/python3.11/site-packages/airflow/example_dags/example_subdag_operator.py                                                           0           0
/Users/atulkumar/Documents/MLOperations/MLOps/venv/lib/python3.11/site-packages/airflow/example_dags/example_dynamic_task_mapping_with_no_taskflow_operators.py                           0           0
/Users/atulkumar/Documents/MLOperations/MLOps/venv/lib/python3.11/site-packages/airflow/example_dags/example_params_ui_tutorial.py                                                        0           0
/Users/atulkumar/Documents/MLOperations/MLOps/venv/lib/python3.11/site-packages/airflow/example_dags/example_dynamic_task_mapping.py                                                      0           0
/Users/atulkumar/Documents/MLOperations/MLOps/venv/lib/python3.11/site-packages/airflow/example_dags/plugins/workday.py                                                                   0           0  1.25s           2025-03-03T02:12:54
/Users/atulkumar/Documents/MLOperations/MLOps/venv/lib/python3.11/site-packages/airflow/example_dags/plugins/event_listener.py                                                            0           0  0.88s           2025-03-03T02:12:57
/Users/atulkumar/Documents/MLOperations/MLOps/venv/lib/python3.11/site-packages/airflow/example_dags/plugins/listener_plugin.py                                                           0           0  0.89s           2025-03-03T02:12:56
/Users/atulkumar/Documents/MLOperations/MLOps/venv/lib/python3.11/site-packages/airflow/example_dags/subdags/subdag.py                                                                    0           0  0.88s           2025-03-03T02:12:52
/Users/atulkumar/Documents/MLOperations/MLOps/Data-Pipeline/dags/test_pipeline_dag.py                                                                                                     1           0  1.02s           2025-03-03T02:12:50
/Users/atulkumar/Documents/MLOperations/MLOps/Data-Pipeline/dags/dag_test.py                                                                                                              1           0  1.06s           2025-03-03T02:12:48
/Users/atulkumar/Documents/MLOperations/MLOps/venv/lib/python3.11/site-packages/airflow/example_dags/example_task_group_decorator.py                                                      1           0  2.11s           2025-03-03T02:13:18
/Users/atulkumar/Documents/MLOperations/MLOps/venv/lib/python3.11/site-packages/airflow/example_dags/tutorial_taskflow_api.py                                                             1           0  1.11s           2025-03-03T02:13:01
/Users/atulkumar/Documents/MLOperations/MLOps/venv/lib/python3.11/site-packages/airflow/example_dags/tutorial.py                                                                          1           0  1.21s           2025-03-03T02:13:05
/Users/atulkumar/Documents/MLOperations/MLOps/venv/lib/python3.11/site-packages/airflow/example_dags/example_time_delta_sensor_async.py                                                   1           0  1.07s           2025-03-03T02:13:15
/Users/atulkumar/Documents/MLOperations/MLOps/venv/lib/python3.11/site-packages/airflow/example_dags/example_xcom.py                                                                      1           0  1.09s           2025-03-03T02:13:09
/Users/atulkumar/Documents/MLOperations/MLOps/venv/lib/python3.11/site-packages/airflow/example_dags/tutorial_dag.py                                                                      1           0  1.06s           2025-03-03T02:13:03
/Users/atulkumar/Documents/MLOperations/MLOps/venv/lib/python3.11/site-packages/airflow/example_dags/example_trigger_target_dag.py                                                        1           0  1.08s           2025-03-03T02:13:11
/Users/atulkumar/Documents/MLOperations/MLOps/venv/lib/python3.11/site-packages/airflow/example_dags/example_trigger_controller_dag.py                                                    1           0  1.07s           2025-03-03T02:13:13
/Users/atulkumar/Documents/MLOperations/MLOps/venv/lib/python3.11/site-packages/airflow/example_dags/example_xcomargs.py                                                                  2           0  1.25s           2025-03-03T02:13:08
================================================================================
[2025-03-02T21:13:49.251-0500] {manager.py:889} INFO - 
================================================================================
DAG File Processing Stats

File Path                                                                                                                                                        PID    Runtime      # DAGs    # Errors  Last Runtime    Last Run
---------------------------------------------------------------------------------------------------------------------------------------------------------------  -----  ---------  --------  ----------  --------------  -------------------
/Users/atulkumar/Documents/MLOperations/MLOps/venv/lib/python3.11/site-packages/airflow/example_dags/example_latest_only.py                                                               0           0
/Users/atulkumar/Documents/MLOperations/MLOps/venv/lib/python3.11/site-packages/airflow/example_dags/example_local_kubernetes_executor.py                                                 0           0
/Users/atulkumar/Documents/MLOperations/MLOps/venv/lib/python3.11/site-packages/airflow/example_dags/example_complex.py                                                                   0           0
/Users/atulkumar/Documents/MLOperations/MLOps/venv/lib/python3.11/site-packages/airflow/example_dags/tutorial_taskflow_api_virtualenv.py                                                  0           0  0.97s           2025-03-03T02:12:59
/Users/atulkumar/Documents/MLOperations/MLOps/venv/lib/python3.11/site-packages/airflow/example_dags/example_external_task_marker_dag.py                                                  0           0
/Users/atulkumar/Documents/MLOperations/MLOps/venv/lib/python3.11/site-packages/airflow/example_dags/example_bash_operator.py                                                             0           0
/Users/atulkumar/Documents/MLOperations/MLOps/venv/lib/python3.11/site-packages/airflow/example_dags/example_setup_teardown.py                                                            0           0  0.98s           2025-03-03T02:13:34
/Users/atulkumar/Documents/MLOperations/MLOps/venv/lib/python3.11/site-packages/airflow/example_dags/example_branch_operator.py                                                           0           0
/Users/atulkumar/Documents/MLOperations/MLOps/venv/lib/python3.11/site-packages/airflow/example_dags/example_branch_labels.py                                                             0           0
/Users/atulkumar/Documents/MLOperations/MLOps/venv/lib/python3.11/site-packages/airflow/example_dags/example_latest_only_with_trigger.py                                                  0           0
/Users/atulkumar/Documents/MLOperations/MLOps/venv/lib/python3.11/site-packages/airflow/example_dags/example_dag_decorator.py                                                             0           0
/Users/atulkumar/Documents/MLOperations/MLOps/venv/lib/python3.11/site-packages/airflow/example_dags/example_branch_operator_decorator.py                                                 0           0
/Users/atulkumar/Documents/MLOperations/MLOps/venv/lib/python3.11/site-packages/airflow/example_dags/example_branch_day_of_week_operator.py                                               0           0
/Users/atulkumar/Documents/MLOperations/MLOps/venv/lib/python3.11/site-packages/airflow/example_dags/example_datasets.py                                                                  0           0
/Users/atulkumar/Documents/MLOperations/MLOps/venv/lib/python3.11/site-packages/airflow/example_dags/example_kubernetes_executor.py                                                       0           0
/Users/atulkumar/Documents/MLOperations/MLOps/venv/lib/python3.11/site-packages/airflow/example_dags/example_branch_python_dop_operator_3.py                                              0           0
/Users/atulkumar/Documents/MLOperations/MLOps/venv/lib/python3.11/site-packages/airflow/example_dags/example_setup_teardown_taskflow.py                                                   0           0  1.03s           2025-03-03T02:13:33
/Users/atulkumar/Documents/MLOperations/MLOps/venv/lib/python3.11/site-packages/airflow/example_dags/example_branch_datetime_operator.py                                                  0           0
/Users/atulkumar/Documents/MLOperations/MLOps/venv/lib/python3.11/site-packages/airflow/example_dags/example_nested_branch_dag.py                                                         0           0
/Users/atulkumar/Documents/MLOperations/MLOps/venv/lib/python3.11/site-packages/airflow/example_dags/example_dynamic_task_mapping_with_no_taskflow_operators.py                           0           0
/Users/atulkumar/Documents/MLOperations/MLOps/venv/lib/python3.11/site-packages/airflow/example_dags/example_dynamic_task_mapping.py                                                      0           0
/Users/atulkumar/Documents/MLOperations/MLOps/venv/lib/python3.11/site-packages/airflow/example_dags/plugins/workday.py                                                                   0           0  1.25s           2025-03-03T02:12:54
/Users/atulkumar/Documents/MLOperations/MLOps/venv/lib/python3.11/site-packages/airflow/example_dags/plugins/event_listener.py                                                            0           0  0.88s           2025-03-03T02:12:57
/Users/atulkumar/Documents/MLOperations/MLOps/venv/lib/python3.11/site-packages/airflow/example_dags/plugins/listener_plugin.py                                                           0           0  0.89s           2025-03-03T02:12:56
/Users/atulkumar/Documents/MLOperations/MLOps/venv/lib/python3.11/site-packages/airflow/example_dags/subdags/subdag.py                                                                    0           0  0.88s           2025-03-03T02:12:52
/Users/atulkumar/Documents/MLOperations/MLOps/Data-Pipeline/dags/test_pipeline_dag.py                                                                                                     1           0  1.02s           2025-03-03T02:12:50
/Users/atulkumar/Documents/MLOperations/MLOps/Data-Pipeline/dags/dag_test.py                                                                                                              1           0  1.06s           2025-03-03T02:12:48
/Users/atulkumar/Documents/MLOperations/MLOps/venv/lib/python3.11/site-packages/airflow/example_dags/example_task_group_decorator.py                                                      1           0  2.11s           2025-03-03T02:13:18
/Users/atulkumar/Documents/MLOperations/MLOps/venv/lib/python3.11/site-packages/airflow/example_dags/example_python_operator.py                                                           1           0  1.05s           2025-03-03T02:13:42
/Users/atulkumar/Documents/MLOperations/MLOps/venv/lib/python3.11/site-packages/airflow/example_dags/example_params_trigger_ui.py                                                         1           0  1.22s           2025-03-03T02:13:49
/Users/atulkumar/Documents/MLOperations/MLOps/venv/lib/python3.11/site-packages/airflow/example_dags/example_short_circuit_operator.py                                                    1           0  1.07s           2025-03-03T02:13:29
/Users/atulkumar/Documents/MLOperations/MLOps/venv/lib/python3.11/site-packages/airflow/example_dags/tutorial_taskflow_api.py                                                             1           0  1.11s           2025-03-03T02:13:01
/Users/atulkumar/Documents/MLOperations/MLOps/venv/lib/python3.11/site-packages/airflow/example_dags/example_task_group.py                                                                1           0  1.04s           2025-03-03T02:13:20
/Users/atulkumar/Documents/MLOperations/MLOps/venv/lib/python3.11/site-packages/airflow/example_dags/tutorial.py                                                                          1           0  1.21s           2025-03-03T02:13:05
/Users/atulkumar/Documents/MLOperations/MLOps/venv/lib/python3.11/site-packages/airflow/example_dags/example_sla_dag.py                                                                   1           0  1.09s           2025-03-03T02:13:25
/Users/atulkumar/Documents/MLOperations/MLOps/venv/lib/python3.11/site-packages/airflow/example_dags/example_passing_params_via_test_command.py                                           1           0  1.01s           2025-03-03T02:13:44
/Users/atulkumar/Documents/MLOperations/MLOps/venv/lib/python3.11/site-packages/airflow/example_dags/example_time_delta_sensor_async.py                                                   1           0  1.07s           2025-03-03T02:13:15
/Users/atulkumar/Documents/MLOperations/MLOps/venv/lib/python3.11/site-packages/airflow/example_dags/example_xcom.py                                                                      1           0  1.09s           2025-03-03T02:13:09
/Users/atulkumar/Documents/MLOperations/MLOps/venv/lib/python3.11/site-packages/airflow/example_dags/example_skip_dag.py                                                                  1           0  1.14s           2025-03-03T02:13:27
/Users/atulkumar/Documents/MLOperations/MLOps/venv/lib/python3.11/site-packages/airflow/example_dags/example_short_circuit_decorator.py                                                   1           0  1.60s           2025-03-03T02:13:31
/Users/atulkumar/Documents/MLOperations/MLOps/venv/lib/python3.11/site-packages/airflow/example_dags/tutorial_dag.py                                                                      1           0  1.06s           2025-03-03T02:13:03
/Users/atulkumar/Documents/MLOperations/MLOps/venv/lib/python3.11/site-packages/airflow/example_dags/example_trigger_target_dag.py                                                        1           0  1.08s           2025-03-03T02:13:11
/Users/atulkumar/Documents/MLOperations/MLOps/venv/lib/python3.11/site-packages/airflow/example_dags/example_sensor_decorator.py                                                          1           0  1.14s           2025-03-03T02:13:40
/Users/atulkumar/Documents/MLOperations/MLOps/venv/lib/python3.11/site-packages/airflow/example_dags/example_sensors.py                                                                   1           0  1.30s           2025-03-03T02:13:37
/Users/atulkumar/Documents/MLOperations/MLOps/venv/lib/python3.11/site-packages/airflow/example_dags/example_trigger_controller_dag.py                                                    1           0  1.07s           2025-03-03T02:13:13
/Users/atulkumar/Documents/MLOperations/MLOps/venv/lib/python3.11/site-packages/airflow/example_dags/example_params_ui_tutorial.py                                                        1           0  1.24s           2025-03-03T02:13:46
/Users/atulkumar/Documents/MLOperations/MLOps/venv/lib/python3.11/site-packages/airflow/example_dags/example_xcomargs.py                                                                  2           0  1.25s           2025-03-03T02:13:08
/Users/atulkumar/Documents/MLOperations/MLOps/venv/lib/python3.11/site-packages/airflow/example_dags/example_subdag_operator.py                                                           3           0  1.05s           2025-03-03T02:13:23
================================================================================
[2025-03-02T21:14:19.433-0500] {manager.py:889} INFO - 
================================================================================
DAG File Processing Stats

File Path                                                                                                                                                        PID    Runtime      # DAGs    # Errors  Last Runtime    Last Run
---------------------------------------------------------------------------------------------------------------------------------------------------------------  -----  ---------  --------  ----------  --------------  -------------------
/Users/atulkumar/Documents/MLOperations/MLOps/venv/lib/python3.11/site-packages/airflow/example_dags/example_local_kubernetes_executor.py                                                 0           0  1.02s           2025-03-03T02:13:52
/Users/atulkumar/Documents/MLOperations/MLOps/venv/lib/python3.11/site-packages/airflow/example_dags/tutorial_taskflow_api_virtualenv.py                                                  0           0  0.97s           2025-03-03T02:12:59
/Users/atulkumar/Documents/MLOperations/MLOps/venv/lib/python3.11/site-packages/airflow/example_dags/example_bash_operator.py                                                             0           0
/Users/atulkumar/Documents/MLOperations/MLOps/venv/lib/python3.11/site-packages/airflow/example_dags/example_setup_teardown.py                                                            0           0  0.98s           2025-03-03T02:13:34
/Users/atulkumar/Documents/MLOperations/MLOps/venv/lib/python3.11/site-packages/airflow/example_dags/example_branch_day_of_week_operator.py                                               0           0
/Users/atulkumar/Documents/MLOperations/MLOps/venv/lib/python3.11/site-packages/airflow/example_dags/example_kubernetes_executor.py                                                       0           0  1.16s           2025-03-03T02:13:59
/Users/atulkumar/Documents/MLOperations/MLOps/venv/lib/python3.11/site-packages/airflow/example_dags/example_setup_teardown_taskflow.py                                                   0           0  1.03s           2025-03-03T02:13:33
/Users/atulkumar/Documents/MLOperations/MLOps/venv/lib/python3.11/site-packages/airflow/example_dags/example_branch_datetime_operator.py                                                  0           0
/Users/atulkumar/Documents/MLOperations/MLOps/venv/lib/python3.11/site-packages/airflow/example_dags/plugins/workday.py                                                                   0           0  1.25s           2025-03-03T02:12:54
/Users/atulkumar/Documents/MLOperations/MLOps/venv/lib/python3.11/site-packages/airflow/example_dags/plugins/event_listener.py                                                            0           0  0.88s           2025-03-03T02:12:57
/Users/atulkumar/Documents/MLOperations/MLOps/venv/lib/python3.11/site-packages/airflow/example_dags/plugins/listener_plugin.py                                                           0           0  0.89s           2025-03-03T02:12:56
/Users/atulkumar/Documents/MLOperations/MLOps/venv/lib/python3.11/site-packages/airflow/example_dags/subdags/subdag.py                                                                    0           0  0.88s           2025-03-03T02:12:52
/Users/atulkumar/Documents/MLOperations/MLOps/Data-Pipeline/dags/test_pipeline_dag.py                                                                                                     1           0  1.02s           2025-03-03T02:12:50
/Users/atulkumar/Documents/MLOperations/MLOps/Data-Pipeline/dags/dag_test.py                                                                                                              1           0  1.06s           2025-03-03T02:12:48
/Users/atulkumar/Documents/MLOperations/MLOps/venv/lib/python3.11/site-packages/airflow/example_dags/example_latest_only.py                                                               1           0  1.34s           2025-03-03T02:13:57
/Users/atulkumar/Documents/MLOperations/MLOps/venv/lib/python3.11/site-packages/airflow/example_dags/example_task_group_decorator.py                                                      1           0  2.11s           2025-03-03T02:13:18
/Users/atulkumar/Documents/MLOperations/MLOps/venv/lib/python3.11/site-packages/airflow/example_dags/example_complex.py                                                                   1           0  1.09s           2025-03-03T02:14:11
/Users/atulkumar/Documents/MLOperations/MLOps/venv/lib/python3.11/site-packages/airflow/example_dags/example_python_operator.py                                                           1           0  1.05s           2025-03-03T02:13:42
/Users/atulkumar/Documents/MLOperations/MLOps/venv/lib/python3.11/site-packages/airflow/example_dags/example_params_trigger_ui.py                                                         1           0  1.22s           2025-03-03T02:13:49
/Users/atulkumar/Documents/MLOperations/MLOps/venv/lib/python3.11/site-packages/airflow/example_dags/example_short_circuit_operator.py                                                    1           0  1.07s           2025-03-03T02:13:29
/Users/atulkumar/Documents/MLOperations/MLOps/venv/lib/python3.11/site-packages/airflow/example_dags/example_branch_operator.py                                                           1           0  1.06s           2025-03-03T02:14:17
/Users/atulkumar/Documents/MLOperations/MLOps/venv/lib/python3.11/site-packages/airflow/example_dags/example_branch_labels.py                                                             1           0  1.03s           2025-03-03T02:14:19
/Users/atulkumar/Documents/MLOperations/MLOps/venv/lib/python3.11/site-packages/airflow/example_dags/tutorial_taskflow_api.py                                                             1           0  1.11s           2025-03-03T02:13:01
/Users/atulkumar/Documents/MLOperations/MLOps/venv/lib/python3.11/site-packages/airflow/example_dags/example_task_group.py                                                                1           0  1.04s           2025-03-03T02:13:20
/Users/atulkumar/Documents/MLOperations/MLOps/venv/lib/python3.11/site-packages/airflow/example_dags/tutorial.py                                                                          1           0  1.21s           2025-03-03T02:13:05
/Users/atulkumar/Documents/MLOperations/MLOps/venv/lib/python3.11/site-packages/airflow/example_dags/example_sla_dag.py                                                                   1           0  1.09s           2025-03-03T02:13:25
/Users/atulkumar/Documents/MLOperations/MLOps/venv/lib/python3.11/site-packages/airflow/example_dags/example_passing_params_via_test_command.py                                           1           0  1.01s           2025-03-03T02:13:44
/Users/atulkumar/Documents/MLOperations/MLOps/venv/lib/python3.11/site-packages/airflow/example_dags/example_latest_only_with_trigger.py                                                  1           0  1.11s           2025-03-03T02:13:54
/Users/atulkumar/Documents/MLOperations/MLOps/venv/lib/python3.11/site-packages/airflow/example_dags/example_time_delta_sensor_async.py                                                   1           0  1.07s           2025-03-03T02:13:15
/Users/atulkumar/Documents/MLOperations/MLOps/venv/lib/python3.11/site-packages/airflow/example_dags/example_dag_decorator.py                                                             1           0  1.30s           2025-03-03T02:14:09
/Users/atulkumar/Documents/MLOperations/MLOps/venv/lib/python3.11/site-packages/airflow/example_dags/example_xcom.py                                                                      1           0  1.09s           2025-03-03T02:13:09
/Users/atulkumar/Documents/MLOperations/MLOps/venv/lib/python3.11/site-packages/airflow/example_dags/example_branch_operator_decorator.py                                                 1           0  1.09s           2025-03-03T02:14:15
/Users/atulkumar/Documents/MLOperations/MLOps/venv/lib/python3.11/site-packages/airflow/example_dags/example_skip_dag.py                                                                  1           0  1.14s           2025-03-03T02:13:27
/Users/atulkumar/Documents/MLOperations/MLOps/venv/lib/python3.11/site-packages/airflow/example_dags/example_short_circuit_decorator.py                                                   1           0  1.60s           2025-03-03T02:13:31
/Users/atulkumar/Documents/MLOperations/MLOps/venv/lib/python3.11/site-packages/airflow/example_dags/tutorial_dag.py                                                                      1           0  1.06s           2025-03-03T02:13:03
/Users/atulkumar/Documents/MLOperations/MLOps/venv/lib/python3.11/site-packages/airflow/example_dags/example_trigger_target_dag.py                                                        1           0  1.08s           2025-03-03T02:13:11
/Users/atulkumar/Documents/MLOperations/MLOps/venv/lib/python3.11/site-packages/airflow/example_dags/example_sensor_decorator.py                                                          1           0  1.14s           2025-03-03T02:13:40
/Users/atulkumar/Documents/MLOperations/MLOps/venv/lib/python3.11/site-packages/airflow/example_dags/example_branch_python_dop_operator_3.py                                              1           0  1.08s           2025-03-03T02:14:13
/Users/atulkumar/Documents/MLOperations/MLOps/venv/lib/python3.11/site-packages/airflow/example_dags/example_sensors.py                                                                   1           0  1.30s           2025-03-03T02:13:37
/Users/atulkumar/Documents/MLOperations/MLOps/venv/lib/python3.11/site-packages/airflow/example_dags/example_nested_branch_dag.py                                                         1           0  1.05s           2025-03-03T02:13:50
/Users/atulkumar/Documents/MLOperations/MLOps/venv/lib/python3.11/site-packages/airflow/example_dags/example_dynamic_task_mapping_with_no_taskflow_operators.py                           1           0  1.09s           2025-03-03T02:14:03
/Users/atulkumar/Documents/MLOperations/MLOps/venv/lib/python3.11/site-packages/airflow/example_dags/example_trigger_controller_dag.py                                                    1           0  1.07s           2025-03-03T02:13:13
/Users/atulkumar/Documents/MLOperations/MLOps/venv/lib/python3.11/site-packages/airflow/example_dags/example_params_ui_tutorial.py                                                        1           0  1.24s           2025-03-03T02:13:46
/Users/atulkumar/Documents/MLOperations/MLOps/venv/lib/python3.11/site-packages/airflow/example_dags/example_dynamic_task_mapping.py                                                      1           0  1.04s           2025-03-03T02:14:05
/Users/atulkumar/Documents/MLOperations/MLOps/venv/lib/python3.11/site-packages/airflow/example_dags/example_external_task_marker_dag.py                                                  2           0  1.06s           2025-03-03T02:14:01
/Users/atulkumar/Documents/MLOperations/MLOps/venv/lib/python3.11/site-packages/airflow/example_dags/example_xcomargs.py                                                                  2           0  1.25s           2025-03-03T02:13:08
/Users/atulkumar/Documents/MLOperations/MLOps/venv/lib/python3.11/site-packages/airflow/example_dags/example_subdag_operator.py                                                           3           0  1.05s           2025-03-03T02:13:23
/Users/atulkumar/Documents/MLOperations/MLOps/venv/lib/python3.11/site-packages/airflow/example_dags/example_datasets.py                                                                  6           0  1.02s           2025-03-03T02:14:06
================================================================================
[2025-03-02T21:14:49.694-0500] {manager.py:889} INFO - 
================================================================================
DAG File Processing Stats

File Path                                                                                                                                                        PID    Runtime      # DAGs    # Errors  Last Runtime    Last Run
---------------------------------------------------------------------------------------------------------------------------------------------------------------  -----  ---------  --------  ----------  --------------  -------------------
/Users/atulkumar/Documents/MLOperations/MLOps/venv/lib/python3.11/site-packages/airflow/example_dags/example_local_kubernetes_executor.py                                                 0           0  1.02s           2025-03-03T02:13:52
/Users/atulkumar/Documents/MLOperations/MLOps/venv/lib/python3.11/site-packages/airflow/example_dags/tutorial_taskflow_api_virtualenv.py                                                  0           0  1.03s           2025-03-03T02:14:38
/Users/atulkumar/Documents/MLOperations/MLOps/venv/lib/python3.11/site-packages/airflow/example_dags/example_setup_teardown.py                                                            0           0  0.98s           2025-03-03T02:13:34
/Users/atulkumar/Documents/MLOperations/MLOps/venv/lib/python3.11/site-packages/airflow/example_dags/example_kubernetes_executor.py                                                       0           0  1.16s           2025-03-03T02:13:59
/Users/atulkumar/Documents/MLOperations/MLOps/venv/lib/python3.11/site-packages/airflow/example_dags/example_setup_teardown_taskflow.py                                                   0           0  1.03s           2025-03-03T02:13:33
/Users/atulkumar/Documents/MLOperations/MLOps/venv/lib/python3.11/site-packages/airflow/example_dags/plugins/workday.py                                                                   0           0  1.36s           2025-03-03T02:14:33
/Users/atulkumar/Documents/MLOperations/MLOps/venv/lib/python3.11/site-packages/airflow/example_dags/plugins/event_listener.py                                                            0           0  1.01s           2025-03-03T02:14:37
/Users/atulkumar/Documents/MLOperations/MLOps/venv/lib/python3.11/site-packages/airflow/example_dags/plugins/listener_plugin.py                                                           0           0  1.09s           2025-03-03T02:14:35
/Users/atulkumar/Documents/MLOperations/MLOps/venv/lib/python3.11/site-packages/airflow/example_dags/subdags/subdag.py                                                                    0           0  1.00s           2025-03-03T02:14:31
/Users/atulkumar/Documents/MLOperations/MLOps/Data-Pipeline/dags/test_pipeline_dag.py                                                                                                     1           0  1.11s           2025-03-03T02:14:29
/Users/atulkumar/Documents/MLOperations/MLOps/Data-Pipeline/dags/dag_test.py                                                                                                              1           0  1.36s           2025-03-03T02:14:26
/Users/atulkumar/Documents/MLOperations/MLOps/venv/lib/python3.11/site-packages/airflow/example_dags/example_latest_only.py                                                               1           0  1.34s           2025-03-03T02:13:57
/Users/atulkumar/Documents/MLOperations/MLOps/venv/lib/python3.11/site-packages/airflow/example_dags/example_task_group_decorator.py                                                      1           0  2.11s           2025-03-03T02:13:18
/Users/atulkumar/Documents/MLOperations/MLOps/venv/lib/python3.11/site-packages/airflow/example_dags/example_complex.py                                                                   1           0  1.09s           2025-03-03T02:14:11
/Users/atulkumar/Documents/MLOperations/MLOps/venv/lib/python3.11/site-packages/airflow/example_dags/example_python_operator.py                                                           1           0  1.05s           2025-03-03T02:13:42
/Users/atulkumar/Documents/MLOperations/MLOps/venv/lib/python3.11/site-packages/airflow/example_dags/example_params_trigger_ui.py                                                         1           0  1.22s           2025-03-03T02:13:49
/Users/atulkumar/Documents/MLOperations/MLOps/venv/lib/python3.11/site-packages/airflow/example_dags/example_bash_operator.py                                                             1           0  1.17s           2025-03-03T02:14:24
/Users/atulkumar/Documents/MLOperations/MLOps/venv/lib/python3.11/site-packages/airflow/example_dags/example_short_circuit_operator.py                                                    1           0  1.07s           2025-03-03T02:13:29
/Users/atulkumar/Documents/MLOperations/MLOps/venv/lib/python3.11/site-packages/airflow/example_dags/example_branch_operator.py                                                           1           0  1.06s           2025-03-03T02:14:17
/Users/atulkumar/Documents/MLOperations/MLOps/venv/lib/python3.11/site-packages/airflow/example_dags/example_branch_labels.py                                                             1           0  1.03s           2025-03-03T02:14:19
/Users/atulkumar/Documents/MLOperations/MLOps/venv/lib/python3.11/site-packages/airflow/example_dags/tutorial_taskflow_api.py                                                             1           0  1.10s           2025-03-03T02:14:41
/Users/atulkumar/Documents/MLOperations/MLOps/venv/lib/python3.11/site-packages/airflow/example_dags/example_task_group.py                                                                1           0  1.04s           2025-03-03T02:13:20
/Users/atulkumar/Documents/MLOperations/MLOps/venv/lib/python3.11/site-packages/airflow/example_dags/tutorial.py                                                                          1           0  0.98s           2025-03-03T02:14:44
/Users/atulkumar/Documents/MLOperations/MLOps/venv/lib/python3.11/site-packages/airflow/example_dags/example_sla_dag.py                                                                   1           0  1.09s           2025-03-03T02:13:25
/Users/atulkumar/Documents/MLOperations/MLOps/venv/lib/python3.11/site-packages/airflow/example_dags/example_passing_params_via_test_command.py                                           1           0  1.01s           2025-03-03T02:13:44
/Users/atulkumar/Documents/MLOperations/MLOps/venv/lib/python3.11/site-packages/airflow/example_dags/example_latest_only_with_trigger.py                                                  1           0  1.11s           2025-03-03T02:13:54
/Users/atulkumar/Documents/MLOperations/MLOps/venv/lib/python3.11/site-packages/airflow/example_dags/example_time_delta_sensor_async.py                                                   1           0  1.07s           2025-03-03T02:13:15
/Users/atulkumar/Documents/MLOperations/MLOps/venv/lib/python3.11/site-packages/airflow/example_dags/example_dag_decorator.py                                                             1           0  1.30s           2025-03-03T02:14:09
/Users/atulkumar/Documents/MLOperations/MLOps/venv/lib/python3.11/site-packages/airflow/example_dags/example_xcom.py                                                                      1           0  1.02s           2025-03-03T02:14:47
/Users/atulkumar/Documents/MLOperations/MLOps/venv/lib/python3.11/site-packages/airflow/example_dags/example_branch_operator_decorator.py                                                 1           0  1.09s           2025-03-03T02:14:15
/Users/atulkumar/Documents/MLOperations/MLOps/venv/lib/python3.11/site-packages/airflow/example_dags/example_branch_day_of_week_operator.py                                               1           0  1.02s           2025-03-03T02:14:21
/Users/atulkumar/Documents/MLOperations/MLOps/venv/lib/python3.11/site-packages/airflow/example_dags/example_skip_dag.py                                                                  1           0  1.14s           2025-03-03T02:13:27
/Users/atulkumar/Documents/MLOperations/MLOps/venv/lib/python3.11/site-packages/airflow/example_dags/example_short_circuit_decorator.py                                                   1           0  1.60s           2025-03-03T02:13:31
/Users/atulkumar/Documents/MLOperations/MLOps/venv/lib/python3.11/site-packages/airflow/example_dags/tutorial_dag.py                                                                      1           0  1.14s           2025-03-03T02:14:43
/Users/atulkumar/Documents/MLOperations/MLOps/venv/lib/python3.11/site-packages/airflow/example_dags/example_trigger_target_dag.py                                                        1           0  0.97s           2025-03-03T02:14:49
/Users/atulkumar/Documents/MLOperations/MLOps/venv/lib/python3.11/site-packages/airflow/example_dags/example_sensor_decorator.py                                                          1           0  1.14s           2025-03-03T02:13:40
/Users/atulkumar/Documents/MLOperations/MLOps/venv/lib/python3.11/site-packages/airflow/example_dags/example_branch_python_dop_operator_3.py                                              1           0  1.08s           2025-03-03T02:14:13
/Users/atulkumar/Documents/MLOperations/MLOps/venv/lib/python3.11/site-packages/airflow/example_dags/example_sensors.py                                                                   1           0  1.30s           2025-03-03T02:13:37
/Users/atulkumar/Documents/MLOperations/MLOps/venv/lib/python3.11/site-packages/airflow/example_dags/example_nested_branch_dag.py                                                         1           0  1.05s           2025-03-03T02:13:50
/Users/atulkumar/Documents/MLOperations/MLOps/venv/lib/python3.11/site-packages/airflow/example_dags/example_dynamic_task_mapping_with_no_taskflow_operators.py                           1           0  1.09s           2025-03-03T02:14:03
/Users/atulkumar/Documents/MLOperations/MLOps/venv/lib/python3.11/site-packages/airflow/example_dags/example_trigger_controller_dag.py                                                    1           0  1.07s           2025-03-03T02:13:13
/Users/atulkumar/Documents/MLOperations/MLOps/venv/lib/python3.11/site-packages/airflow/example_dags/example_params_ui_tutorial.py                                                        1           0  1.24s           2025-03-03T02:13:46
/Users/atulkumar/Documents/MLOperations/MLOps/venv/lib/python3.11/site-packages/airflow/example_dags/example_dynamic_task_mapping.py                                                      1           0  1.04s           2025-03-03T02:14:05
/Users/atulkumar/Documents/MLOperations/MLOps/venv/lib/python3.11/site-packages/airflow/example_dags/example_external_task_marker_dag.py                                                  2           0  1.06s           2025-03-03T02:14:01
/Users/atulkumar/Documents/MLOperations/MLOps/venv/lib/python3.11/site-packages/airflow/example_dags/example_xcomargs.py                                                                  2           0  1.04s           2025-03-03T02:14:46
/Users/atulkumar/Documents/MLOperations/MLOps/venv/lib/python3.11/site-packages/airflow/example_dags/example_branch_datetime_operator.py                                                  3           0  1.04s           2025-03-03T02:14:22
/Users/atulkumar/Documents/MLOperations/MLOps/venv/lib/python3.11/site-packages/airflow/example_dags/example_subdag_operator.py                                                           3           0  1.05s           2025-03-03T02:13:23
/Users/atulkumar/Documents/MLOperations/MLOps/venv/lib/python3.11/site-packages/airflow/example_dags/example_datasets.py                                                                  6           0  1.02s           2025-03-03T02:14:06
================================================================================
[2025-03-02T21:15:20.415-0500] {manager.py:889} INFO - 
================================================================================
DAG File Processing Stats

File Path                                                                                                                                                        PID    Runtime      # DAGs    # Errors  Last Runtime    Last Run
---------------------------------------------------------------------------------------------------------------------------------------------------------------  -----  ---------  --------  ----------  --------------  -------------------
/Users/atulkumar/Documents/MLOperations/MLOps/venv/lib/python3.11/site-packages/airflow/example_dags/example_local_kubernetes_executor.py                                                 0           0  1.02s           2025-03-03T02:13:52
/Users/atulkumar/Documents/MLOperations/MLOps/venv/lib/python3.11/site-packages/airflow/example_dags/tutorial_taskflow_api_virtualenv.py                                                  0           0  1.03s           2025-03-03T02:14:38
/Users/atulkumar/Documents/MLOperations/MLOps/venv/lib/python3.11/site-packages/airflow/example_dags/example_setup_teardown.py                                                            0           0  1.06s           2025-03-03T02:15:10
/Users/atulkumar/Documents/MLOperations/MLOps/venv/lib/python3.11/site-packages/airflow/example_dags/example_kubernetes_executor.py                                                       0           0  1.16s           2025-03-03T02:13:59
/Users/atulkumar/Documents/MLOperations/MLOps/venv/lib/python3.11/site-packages/airflow/example_dags/example_setup_teardown_taskflow.py                                                   0           0  1.02s           2025-03-03T02:15:07
/Users/atulkumar/Documents/MLOperations/MLOps/venv/lib/python3.11/site-packages/airflow/example_dags/plugins/workday.py                                                                   0           0  1.36s           2025-03-03T02:14:33
/Users/atulkumar/Documents/MLOperations/MLOps/venv/lib/python3.11/site-packages/airflow/example_dags/plugins/event_listener.py                                                            0           0  1.01s           2025-03-03T02:14:37
/Users/atulkumar/Documents/MLOperations/MLOps/venv/lib/python3.11/site-packages/airflow/example_dags/plugins/listener_plugin.py                                                           0           0  1.09s           2025-03-03T02:14:35
/Users/atulkumar/Documents/MLOperations/MLOps/venv/lib/python3.11/site-packages/airflow/example_dags/subdags/subdag.py                                                                    0           0  1.00s           2025-03-03T02:14:31
/Users/atulkumar/Documents/MLOperations/MLOps/Data-Pipeline/dags/test_pipeline_dag.py                                                                                                     1           0  1.11s           2025-03-03T02:14:29
/Users/atulkumar/Documents/MLOperations/MLOps/Data-Pipeline/dags/dag_test.py                                                                                                              1           0  1.36s           2025-03-03T02:14:26
/Users/atulkumar/Documents/MLOperations/MLOps/venv/lib/python3.11/site-packages/airflow/example_dags/example_latest_only.py                                                               1           0  1.34s           2025-03-03T02:13:57
/Users/atulkumar/Documents/MLOperations/MLOps/venv/lib/python3.11/site-packages/airflow/example_dags/example_task_group_decorator.py                                                      1           0  1.02s           2025-03-03T02:14:55
/Users/atulkumar/Documents/MLOperations/MLOps/venv/lib/python3.11/site-packages/airflow/example_dags/example_complex.py                                                                   1           0  1.09s           2025-03-03T02:14:11
/Users/atulkumar/Documents/MLOperations/MLOps/venv/lib/python3.11/site-packages/airflow/example_dags/example_python_operator.py                                                           1           0  1.03s           2025-03-03T02:15:16
/Users/atulkumar/Documents/MLOperations/MLOps/venv/lib/python3.11/site-packages/airflow/example_dags/example_params_trigger_ui.py                                                         1           0  1.22s           2025-03-03T02:13:49
/Users/atulkumar/Documents/MLOperations/MLOps/venv/lib/python3.11/site-packages/airflow/example_dags/example_bash_operator.py                                                             1           0  1.17s           2025-03-03T02:14:24
/Users/atulkumar/Documents/MLOperations/MLOps/venv/lib/python3.11/site-packages/airflow/example_dags/example_short_circuit_operator.py                                                    1           0  0.94s           2025-03-03T02:15:04
/Users/atulkumar/Documents/MLOperations/MLOps/venv/lib/python3.11/site-packages/airflow/example_dags/example_branch_operator.py                                                           1           0  1.06s           2025-03-03T02:14:17
/Users/atulkumar/Documents/MLOperations/MLOps/venv/lib/python3.11/site-packages/airflow/example_dags/example_branch_labels.py                                                             1           0  1.03s           2025-03-03T02:14:19
/Users/atulkumar/Documents/MLOperations/MLOps/venv/lib/python3.11/site-packages/airflow/example_dags/tutorial_taskflow_api.py                                                             1           0  1.10s           2025-03-03T02:14:41
/Users/atulkumar/Documents/MLOperations/MLOps/venv/lib/python3.11/site-packages/airflow/example_dags/example_task_group.py                                                                1           0  0.96s           2025-03-03T02:14:56
/Users/atulkumar/Documents/MLOperations/MLOps/venv/lib/python3.11/site-packages/airflow/example_dags/tutorial.py                                                                          1           0  0.98s           2025-03-03T02:14:44
/Users/atulkumar/Documents/MLOperations/MLOps/venv/lib/python3.11/site-packages/airflow/example_dags/example_sla_dag.py                                                                   1           0  0.95s           2025-03-03T02:15:01
/Users/atulkumar/Documents/MLOperations/MLOps/venv/lib/python3.11/site-packages/airflow/example_dags/example_passing_params_via_test_command.py                                           1           0  0.96s           2025-03-03T02:15:18
/Users/atulkumar/Documents/MLOperations/MLOps/venv/lib/python3.11/site-packages/airflow/example_dags/example_latest_only_with_trigger.py                                                  1           0  1.11s           2025-03-03T02:13:54
/Users/atulkumar/Documents/MLOperations/MLOps/venv/lib/python3.11/site-packages/airflow/example_dags/example_time_delta_sensor_async.py                                                   1           0  1.10s           2025-03-03T02:14:53
/Users/atulkumar/Documents/MLOperations/MLOps/venv/lib/python3.11/site-packages/airflow/example_dags/example_dag_decorator.py                                                             1           0  1.30s           2025-03-03T02:14:09
/Users/atulkumar/Documents/MLOperations/MLOps/venv/lib/python3.11/site-packages/airflow/example_dags/example_xcom.py                                                                      1           0  1.02s           2025-03-03T02:14:47
/Users/atulkumar/Documents/MLOperations/MLOps/venv/lib/python3.11/site-packages/airflow/example_dags/example_branch_operator_decorator.py                                                 1           0  1.09s           2025-03-03T02:14:15
/Users/atulkumar/Documents/MLOperations/MLOps/venv/lib/python3.11/site-packages/airflow/example_dags/example_branch_day_of_week_operator.py                                               1           0  1.02s           2025-03-03T02:14:21
/Users/atulkumar/Documents/MLOperations/MLOps/venv/lib/python3.11/site-packages/airflow/example_dags/example_skip_dag.py                                                                  1           0  0.96s           2025-03-03T02:15:02
/Users/atulkumar/Documents/MLOperations/MLOps/venv/lib/python3.11/site-packages/airflow/example_dags/example_short_circuit_decorator.py                                                   1           0  0.97s           2025-03-03T02:15:06
/Users/atulkumar/Documents/MLOperations/MLOps/venv/lib/python3.11/site-packages/airflow/example_dags/tutorial_dag.py                                                                      1           0  1.14s           2025-03-03T02:14:43
/Users/atulkumar/Documents/MLOperations/MLOps/venv/lib/python3.11/site-packages/airflow/example_dags/example_trigger_target_dag.py                                                        1           0  0.97s           2025-03-03T02:14:49
/Users/atulkumar/Documents/MLOperations/MLOps/venv/lib/python3.11/site-packages/airflow/example_dags/example_sensor_decorator.py                                                          1           0  1.31s           2025-03-03T02:15:14
/Users/atulkumar/Documents/MLOperations/MLOps/venv/lib/python3.11/site-packages/airflow/example_dags/example_branch_python_dop_operator_3.py                                              1           0  1.08s           2025-03-03T02:14:13
/Users/atulkumar/Documents/MLOperations/MLOps/venv/lib/python3.11/site-packages/airflow/example_dags/example_sensors.py                                                                   1           0  1.04s           2025-03-03T02:15:12
/Users/atulkumar/Documents/MLOperations/MLOps/venv/lib/python3.11/site-packages/airflow/example_dags/example_nested_branch_dag.py                                                         1           0  1.05s           2025-03-03T02:13:50
/Users/atulkumar/Documents/MLOperations/MLOps/venv/lib/python3.11/site-packages/airflow/example_dags/example_dynamic_task_mapping_with_no_taskflow_operators.py                           1           0  1.09s           2025-03-03T02:14:03
/Users/atulkumar/Documents/MLOperations/MLOps/venv/lib/python3.11/site-packages/airflow/example_dags/example_trigger_controller_dag.py                                                    1           0  0.93s           2025-03-03T02:14:50
/Users/atulkumar/Documents/MLOperations/MLOps/venv/lib/python3.11/site-packages/airflow/example_dags/example_params_ui_tutorial.py                                                        1           0  1.00s           2025-03-03T02:15:20
/Users/atulkumar/Documents/MLOperations/MLOps/venv/lib/python3.11/site-packages/airflow/example_dags/example_dynamic_task_mapping.py                                                      1           0  1.04s           2025-03-03T02:14:05
/Users/atulkumar/Documents/MLOperations/MLOps/venv/lib/python3.11/site-packages/airflow/example_dags/example_external_task_marker_dag.py                                                  2           0  1.06s           2025-03-03T02:14:01
/Users/atulkumar/Documents/MLOperations/MLOps/venv/lib/python3.11/site-packages/airflow/example_dags/example_xcomargs.py                                                                  2           0  1.04s           2025-03-03T02:14:46
/Users/atulkumar/Documents/MLOperations/MLOps/venv/lib/python3.11/site-packages/airflow/example_dags/example_branch_datetime_operator.py                                                  3           0  1.04s           2025-03-03T02:14:22
/Users/atulkumar/Documents/MLOperations/MLOps/venv/lib/python3.11/site-packages/airflow/example_dags/example_subdag_operator.py                                                           3           0  1.08s           2025-03-03T02:14:59
/Users/atulkumar/Documents/MLOperations/MLOps/venv/lib/python3.11/site-packages/airflow/example_dags/example_datasets.py                                                                  6           0  1.02s           2025-03-03T02:14:06
================================================================================
[2025-03-02T21:15:52.138-0500] {manager.py:889} INFO - 
================================================================================
DAG File Processing Stats

File Path                                                                                                                                                        PID    Runtime      # DAGs    # Errors  Last Runtime    Last Run
---------------------------------------------------------------------------------------------------------------------------------------------------------------  -----  ---------  --------  ----------  --------------  -------------------
/Users/atulkumar/Documents/MLOperations/MLOps/venv/lib/python3.11/site-packages/airflow/example_dags/example_local_kubernetes_executor.py                                                 0           0  1.03s           2025-03-03T02:15:26
/Users/atulkumar/Documents/MLOperations/MLOps/venv/lib/python3.11/site-packages/airflow/example_dags/tutorial_taskflow_api_virtualenv.py                                                  0           0  0.97s           2025-03-03T02:15:41
/Users/atulkumar/Documents/MLOperations/MLOps/venv/lib/python3.11/site-packages/airflow/example_dags/example_setup_teardown.py                                                            0           0  1.06s           2025-03-03T02:15:10
/Users/atulkumar/Documents/MLOperations/MLOps/venv/lib/python3.11/site-packages/airflow/example_dags/example_kubernetes_executor.py                                                       0           0  1.16s           2025-03-03T02:13:59
/Users/atulkumar/Documents/MLOperations/MLOps/venv/lib/python3.11/site-packages/airflow/example_dags/example_setup_teardown_taskflow.py                                                   0           0  1.02s           2025-03-03T02:15:07
/Users/atulkumar/Documents/MLOperations/MLOps/venv/lib/python3.11/site-packages/airflow/example_dags/plugins/workday.py                                                                   0           0  1.39s           2025-03-03T02:15:35
/Users/atulkumar/Documents/MLOperations/MLOps/venv/lib/python3.11/site-packages/airflow/example_dags/plugins/event_listener.py                                                            0           0  0.96s           2025-03-03T02:15:39
/Users/atulkumar/Documents/MLOperations/MLOps/venv/lib/python3.11/site-packages/airflow/example_dags/plugins/listener_plugin.py                                                           0           0  0.96s           2025-03-03T02:15:37
/Users/atulkumar/Documents/MLOperations/MLOps/venv/lib/python3.11/site-packages/airflow/example_dags/subdags/subdag.py                                                                    0           0  0.98s           2025-03-03T02:15:33
/Users/atulkumar/Documents/MLOperations/MLOps/Data-Pipeline/dags/test_pipeline_dag.py                                                                                                     1           0  1.02s           2025-03-03T02:15:31
/Users/atulkumar/Documents/MLOperations/MLOps/Data-Pipeline/dags/dag_test.py                                                                                                              1           0  1.04s           2025-03-03T02:15:29
/Users/atulkumar/Documents/MLOperations/MLOps/venv/lib/python3.11/site-packages/airflow/example_dags/example_latest_only.py                                                               1           0  1.34s           2025-03-03T02:13:57
/Users/atulkumar/Documents/MLOperations/MLOps/venv/lib/python3.11/site-packages/airflow/example_dags/example_task_group_decorator.py                                                      1           0  1.02s           2025-03-03T02:14:55
/Users/atulkumar/Documents/MLOperations/MLOps/venv/lib/python3.11/site-packages/airflow/example_dags/example_complex.py                                                                   1           0  1.09s           2025-03-03T02:14:11
/Users/atulkumar/Documents/MLOperations/MLOps/venv/lib/python3.11/site-packages/airflow/example_dags/example_python_operator.py                                                           1           0  1.03s           2025-03-03T02:15:16
/Users/atulkumar/Documents/MLOperations/MLOps/venv/lib/python3.11/site-packages/airflow/example_dags/example_params_trigger_ui.py                                                         1           0  0.96s           2025-03-03T02:15:22
/Users/atulkumar/Documents/MLOperations/MLOps/venv/lib/python3.11/site-packages/airflow/example_dags/example_bash_operator.py                                                             1           0  1.17s           2025-03-03T02:14:24
/Users/atulkumar/Documents/MLOperations/MLOps/venv/lib/python3.11/site-packages/airflow/example_dags/example_short_circuit_operator.py                                                    1           0  0.94s           2025-03-03T02:15:04
/Users/atulkumar/Documents/MLOperations/MLOps/venv/lib/python3.11/site-packages/airflow/example_dags/example_branch_operator.py                                                           1           0  1.06s           2025-03-03T02:14:17
/Users/atulkumar/Documents/MLOperations/MLOps/venv/lib/python3.11/site-packages/airflow/example_dags/example_branch_labels.py                                                             1           0  1.03s           2025-03-03T02:14:19
/Users/atulkumar/Documents/MLOperations/MLOps/venv/lib/python3.11/site-packages/airflow/example_dags/tutorial_taskflow_api.py                                                             1           0  1.05s           2025-03-03T02:15:43
/Users/atulkumar/Documents/MLOperations/MLOps/venv/lib/python3.11/site-packages/airflow/example_dags/example_task_group.py                                                                1           0  0.96s           2025-03-03T02:14:56
/Users/atulkumar/Documents/MLOperations/MLOps/venv/lib/python3.11/site-packages/airflow/example_dags/tutorial.py                                                                          1           0  1.02s           2025-03-03T02:15:47
/Users/atulkumar/Documents/MLOperations/MLOps/venv/lib/python3.11/site-packages/airflow/example_dags/example_sla_dag.py                                                                   1           0  0.95s           2025-03-03T02:15:01
/Users/atulkumar/Documents/MLOperations/MLOps/venv/lib/python3.11/site-packages/airflow/example_dags/example_passing_params_via_test_command.py                                           1           0  0.96s           2025-03-03T02:15:18
/Users/atulkumar/Documents/MLOperations/MLOps/venv/lib/python3.11/site-packages/airflow/example_dags/example_latest_only_with_trigger.py                                                  1           0  1.12s           2025-03-03T02:15:28
/Users/atulkumar/Documents/MLOperations/MLOps/venv/lib/python3.11/site-packages/airflow/example_dags/example_time_delta_sensor_async.py                                                   1           0  1.10s           2025-03-03T02:14:53
/Users/atulkumar/Documents/MLOperations/MLOps/venv/lib/python3.11/site-packages/airflow/example_dags/example_dag_decorator.py                                                             1           0  1.30s           2025-03-03T02:14:09
/Users/atulkumar/Documents/MLOperations/MLOps/venv/lib/python3.11/site-packages/airflow/example_dags/example_xcom.py                                                                      1           0  1.05s           2025-03-03T02:15:52
/Users/atulkumar/Documents/MLOperations/MLOps/venv/lib/python3.11/site-packages/airflow/example_dags/example_branch_operator_decorator.py                                                 1           0  1.09s           2025-03-03T02:14:15
/Users/atulkumar/Documents/MLOperations/MLOps/venv/lib/python3.11/site-packages/airflow/example_dags/example_branch_day_of_week_operator.py                                               1           0  1.02s           2025-03-03T02:14:21
/Users/atulkumar/Documents/MLOperations/MLOps/venv/lib/python3.11/site-packages/airflow/example_dags/example_skip_dag.py                                                                  1           0  0.96s           2025-03-03T02:15:02
/Users/atulkumar/Documents/MLOperations/MLOps/venv/lib/python3.11/site-packages/airflow/example_dags/example_short_circuit_decorator.py                                                   1           0  0.97s           2025-03-03T02:15:06
/Users/atulkumar/Documents/MLOperations/MLOps/venv/lib/python3.11/site-packages/airflow/example_dags/tutorial_dag.py                                                                      1           0  1.05s           2025-03-03T02:15:45
/Users/atulkumar/Documents/MLOperations/MLOps/venv/lib/python3.11/site-packages/airflow/example_dags/example_trigger_target_dag.py                                                        1           0  0.97s           2025-03-03T02:14:49
/Users/atulkumar/Documents/MLOperations/MLOps/venv/lib/python3.11/site-packages/airflow/example_dags/example_sensor_decorator.py                                                          1           0  1.31s           2025-03-03T02:15:14
/Users/atulkumar/Documents/MLOperations/MLOps/venv/lib/python3.11/site-packages/airflow/example_dags/example_branch_python_dop_operator_3.py                                              1           0  1.08s           2025-03-03T02:14:13
/Users/atulkumar/Documents/MLOperations/MLOps/venv/lib/python3.11/site-packages/airflow/example_dags/example_sensors.py                                                                   1           0  1.04s           2025-03-03T02:15:12
/Users/atulkumar/Documents/MLOperations/MLOps/venv/lib/python3.11/site-packages/airflow/example_dags/example_nested_branch_dag.py                                                         1           0  1.06s           2025-03-03T02:15:24
/Users/atulkumar/Documents/MLOperations/MLOps/venv/lib/python3.11/site-packages/airflow/example_dags/example_dynamic_task_mapping_with_no_taskflow_operators.py                           1           0  1.09s           2025-03-03T02:14:03
/Users/atulkumar/Documents/MLOperations/MLOps/venv/lib/python3.11/site-packages/airflow/example_dags/example_trigger_controller_dag.py                                                    1           0  0.93s           2025-03-03T02:14:50
/Users/atulkumar/Documents/MLOperations/MLOps/venv/lib/python3.11/site-packages/airflow/example_dags/example_params_ui_tutorial.py                                                        1           0  1.00s           2025-03-03T02:15:20
/Users/atulkumar/Documents/MLOperations/MLOps/venv/lib/python3.11/site-packages/airflow/example_dags/example_dynamic_task_mapping.py                                                      1           0  1.04s           2025-03-03T02:14:05
/Users/atulkumar/Documents/MLOperations/MLOps/venv/lib/python3.11/site-packages/airflow/example_dags/example_external_task_marker_dag.py                                                  2           0  1.06s           2025-03-03T02:14:01
/Users/atulkumar/Documents/MLOperations/MLOps/venv/lib/python3.11/site-packages/airflow/example_dags/example_xcomargs.py                                                                  2           0  1.44s           2025-03-03T02:15:50
/Users/atulkumar/Documents/MLOperations/MLOps/venv/lib/python3.11/site-packages/airflow/example_dags/example_branch_datetime_operator.py                                                  3           0  1.04s           2025-03-03T02:14:22
/Users/atulkumar/Documents/MLOperations/MLOps/venv/lib/python3.11/site-packages/airflow/example_dags/example_subdag_operator.py                                                           3           0  1.08s           2025-03-03T02:14:59
/Users/atulkumar/Documents/MLOperations/MLOps/venv/lib/python3.11/site-packages/airflow/example_dags/example_datasets.py                                                                  6           0  1.02s           2025-03-03T02:14:06
================================================================================
[2025-03-02T21:16:22.480-0500] {manager.py:889} INFO - 
================================================================================
DAG File Processing Stats

File Path                                                                                                                                                        PID    Runtime      # DAGs    # Errors  Last Runtime    Last Run
---------------------------------------------------------------------------------------------------------------------------------------------------------------  -----  ---------  --------  ----------  --------------  -------------------
/Users/atulkumar/Documents/MLOperations/MLOps/venv/lib/python3.11/site-packages/airflow/example_dags/example_local_kubernetes_executor.py                                                 0           0  1.03s           2025-03-03T02:15:26
/Users/atulkumar/Documents/MLOperations/MLOps/venv/lib/python3.11/site-packages/airflow/example_dags/tutorial_taskflow_api_virtualenv.py                                                  0           0  0.97s           2025-03-03T02:15:41
/Users/atulkumar/Documents/MLOperations/MLOps/venv/lib/python3.11/site-packages/airflow/example_dags/example_setup_teardown.py                                                            0           0  1.06s           2025-03-03T02:15:10
/Users/atulkumar/Documents/MLOperations/MLOps/venv/lib/python3.11/site-packages/airflow/example_dags/example_kubernetes_executor.py                                                       0           0  0.97s           2025-03-03T02:16:04
/Users/atulkumar/Documents/MLOperations/MLOps/venv/lib/python3.11/site-packages/airflow/example_dags/example_setup_teardown_taskflow.py                                                   0           0  1.02s           2025-03-03T02:15:07
/Users/atulkumar/Documents/MLOperations/MLOps/venv/lib/python3.11/site-packages/airflow/example_dags/plugins/workday.py                                                                   0           0  1.39s           2025-03-03T02:15:35
/Users/atulkumar/Documents/MLOperations/MLOps/venv/lib/python3.11/site-packages/airflow/example_dags/plugins/event_listener.py                                                            0           0  0.96s           2025-03-03T02:15:39
/Users/atulkumar/Documents/MLOperations/MLOps/venv/lib/python3.11/site-packages/airflow/example_dags/plugins/listener_plugin.py                                                           0           0  0.96s           2025-03-03T02:15:37
/Users/atulkumar/Documents/MLOperations/MLOps/venv/lib/python3.11/site-packages/airflow/example_dags/subdags/subdag.py                                                                    0           0  0.98s           2025-03-03T02:15:33
/Users/atulkumar/Documents/MLOperations/MLOps/Data-Pipeline/dags/test_pipeline_dag.py                                                                                                     1           0  1.02s           2025-03-03T02:15:31
/Users/atulkumar/Documents/MLOperations/MLOps/Data-Pipeline/dags/dag_test.py                                                                                                              1           0  1.04s           2025-03-03T02:15:29
/Users/atulkumar/Documents/MLOperations/MLOps/venv/lib/python3.11/site-packages/airflow/example_dags/example_latest_only.py                                                               1           0  0.97s           2025-03-03T02:16:02
/Users/atulkumar/Documents/MLOperations/MLOps/venv/lib/python3.11/site-packages/airflow/example_dags/example_task_group_decorator.py                                                      1           0  1.01s           2025-03-03T02:15:59
/Users/atulkumar/Documents/MLOperations/MLOps/venv/lib/python3.11/site-packages/airflow/example_dags/example_complex.py                                                                   1           0  1.08s           2025-03-03T02:16:16
/Users/atulkumar/Documents/MLOperations/MLOps/venv/lib/python3.11/site-packages/airflow/example_dags/example_python_operator.py                                                           1           0  1.03s           2025-03-03T02:15:16
/Users/atulkumar/Documents/MLOperations/MLOps/venv/lib/python3.11/site-packages/airflow/example_dags/example_params_trigger_ui.py                                                         1           0  0.96s           2025-03-03T02:15:22
/Users/atulkumar/Documents/MLOperations/MLOps/venv/lib/python3.11/site-packages/airflow/example_dags/example_bash_operator.py                                                             1           0  1.17s           2025-03-03T02:14:24
/Users/atulkumar/Documents/MLOperations/MLOps/venv/lib/python3.11/site-packages/airflow/example_dags/example_short_circuit_operator.py                                                    1           0  0.94s           2025-03-03T02:15:04
/Users/atulkumar/Documents/MLOperations/MLOps/venv/lib/python3.11/site-packages/airflow/example_dags/example_branch_operator.py                                                           1           0  1.00s           2025-03-03T02:16:22
/Users/atulkumar/Documents/MLOperations/MLOps/venv/lib/python3.11/site-packages/airflow/example_dags/example_branch_labels.py                                                             1           0  1.03s           2025-03-03T02:14:19
/Users/atulkumar/Documents/MLOperations/MLOps/venv/lib/python3.11/site-packages/airflow/example_dags/tutorial_taskflow_api.py                                                             1           0  1.05s           2025-03-03T02:15:43
/Users/atulkumar/Documents/MLOperations/MLOps/venv/lib/python3.11/site-packages/airflow/example_dags/example_task_group.py                                                                1           0  0.96s           2025-03-03T02:16:01
/Users/atulkumar/Documents/MLOperations/MLOps/venv/lib/python3.11/site-packages/airflow/example_dags/tutorial.py                                                                          1           0  1.02s           2025-03-03T02:15:47
/Users/atulkumar/Documents/MLOperations/MLOps/venv/lib/python3.11/site-packages/airflow/example_dags/example_sla_dag.py                                                                   1           0  0.95s           2025-03-03T02:15:01
/Users/atulkumar/Documents/MLOperations/MLOps/venv/lib/python3.11/site-packages/airflow/example_dags/example_passing_params_via_test_command.py                                           1           0  0.96s           2025-03-03T02:15:18
/Users/atulkumar/Documents/MLOperations/MLOps/venv/lib/python3.11/site-packages/airflow/example_dags/example_latest_only_with_trigger.py                                                  1           0  1.12s           2025-03-03T02:15:28
/Users/atulkumar/Documents/MLOperations/MLOps/venv/lib/python3.11/site-packages/airflow/example_dags/example_time_delta_sensor_async.py                                                   1           0  1.02s           2025-03-03T02:15:57
/Users/atulkumar/Documents/MLOperations/MLOps/venv/lib/python3.11/site-packages/airflow/example_dags/example_dag_decorator.py                                                             1           0  1.16s           2025-03-03T02:16:14
/Users/atulkumar/Documents/MLOperations/MLOps/venv/lib/python3.11/site-packages/airflow/example_dags/example_xcom.py                                                                      1           0  1.05s           2025-03-03T02:15:52
/Users/atulkumar/Documents/MLOperations/MLOps/venv/lib/python3.11/site-packages/airflow/example_dags/example_branch_operator_decorator.py                                                 1           0  1.07s           2025-03-03T02:16:20
/Users/atulkumar/Documents/MLOperations/MLOps/venv/lib/python3.11/site-packages/airflow/example_dags/example_branch_day_of_week_operator.py                                               1           0  1.02s           2025-03-03T02:14:21
/Users/atulkumar/Documents/MLOperations/MLOps/venv/lib/python3.11/site-packages/airflow/example_dags/example_skip_dag.py                                                                  1           0  0.96s           2025-03-03T02:15:02
/Users/atulkumar/Documents/MLOperations/MLOps/venv/lib/python3.11/site-packages/airflow/example_dags/example_short_circuit_decorator.py                                                   1           0  0.97s           2025-03-03T02:15:06
/Users/atulkumar/Documents/MLOperations/MLOps/venv/lib/python3.11/site-packages/airflow/example_dags/tutorial_dag.py                                                                      1           0  1.05s           2025-03-03T02:15:45
/Users/atulkumar/Documents/MLOperations/MLOps/venv/lib/python3.11/site-packages/airflow/example_dags/example_trigger_target_dag.py                                                        1           0  1.23s           2025-03-03T02:15:54
/Users/atulkumar/Documents/MLOperations/MLOps/venv/lib/python3.11/site-packages/airflow/example_dags/example_sensor_decorator.py                                                          1           0  1.31s           2025-03-03T02:15:14
/Users/atulkumar/Documents/MLOperations/MLOps/venv/lib/python3.11/site-packages/airflow/example_dags/example_branch_python_dop_operator_3.py                                              1           0  1.16s           2025-03-03T02:16:18
/Users/atulkumar/Documents/MLOperations/MLOps/venv/lib/python3.11/site-packages/airflow/example_dags/example_sensors.py                                                                   1           0  1.04s           2025-03-03T02:15:12
/Users/atulkumar/Documents/MLOperations/MLOps/venv/lib/python3.11/site-packages/airflow/example_dags/example_nested_branch_dag.py                                                         1           0  1.06s           2025-03-03T02:15:24
/Users/atulkumar/Documents/MLOperations/MLOps/venv/lib/python3.11/site-packages/airflow/example_dags/example_dynamic_task_mapping_with_no_taskflow_operators.py                           1           0  0.96s           2025-03-03T02:16:08
/Users/atulkumar/Documents/MLOperations/MLOps/venv/lib/python3.11/site-packages/airflow/example_dags/example_trigger_controller_dag.py                                                    1           0  1.08s           2025-03-03T02:15:56
/Users/atulkumar/Documents/MLOperations/MLOps/venv/lib/python3.11/site-packages/airflow/example_dags/example_params_ui_tutorial.py                                                        1           0  1.00s           2025-03-03T02:15:20
/Users/atulkumar/Documents/MLOperations/MLOps/venv/lib/python3.11/site-packages/airflow/example_dags/example_dynamic_task_mapping.py                                                      1           0  1.03s           2025-03-03T02:16:10
/Users/atulkumar/Documents/MLOperations/MLOps/venv/lib/python3.11/site-packages/airflow/example_dags/example_external_task_marker_dag.py                                                  2           0  0.98s           2025-03-03T02:16:06
/Users/atulkumar/Documents/MLOperations/MLOps/venv/lib/python3.11/site-packages/airflow/example_dags/example_xcomargs.py                                                                  2           0  1.44s           2025-03-03T02:15:50
/Users/atulkumar/Documents/MLOperations/MLOps/venv/lib/python3.11/site-packages/airflow/example_dags/example_branch_datetime_operator.py                                                  3           0  1.04s           2025-03-03T02:14:22
/Users/atulkumar/Documents/MLOperations/MLOps/venv/lib/python3.11/site-packages/airflow/example_dags/example_subdag_operator.py                                                           3           0  1.08s           2025-03-03T02:14:59
/Users/atulkumar/Documents/MLOperations/MLOps/venv/lib/python3.11/site-packages/airflow/example_dags/example_datasets.py                                                                  6           0  1.58s           2025-03-03T02:16:12
================================================================================
[2025-03-02T21:16:52.628-0500] {manager.py:889} INFO - 
================================================================================
DAG File Processing Stats

File Path                                                                                                                                                        PID    Runtime      # DAGs    # Errors  Last Runtime    Last Run
---------------------------------------------------------------------------------------------------------------------------------------------------------------  -----  ---------  --------  ----------  --------------  -------------------
/Users/atulkumar/Documents/MLOperations/MLOps/venv/lib/python3.11/site-packages/airflow/example_dags/example_local_kubernetes_executor.py                                                 0           0  1.03s           2025-03-03T02:15:26
/Users/atulkumar/Documents/MLOperations/MLOps/venv/lib/python3.11/site-packages/airflow/example_dags/tutorial_taskflow_api_virtualenv.py                                                  0           0  1.06s           2025-03-03T02:16:44
/Users/atulkumar/Documents/MLOperations/MLOps/venv/lib/python3.11/site-packages/airflow/example_dags/example_setup_teardown.py                                                            0           0  1.06s           2025-03-03T02:15:10
/Users/atulkumar/Documents/MLOperations/MLOps/venv/lib/python3.11/site-packages/airflow/example_dags/example_kubernetes_executor.py                                                       0           0  0.97s           2025-03-03T02:16:04
/Users/atulkumar/Documents/MLOperations/MLOps/venv/lib/python3.11/site-packages/airflow/example_dags/example_setup_teardown_taskflow.py                                                   0           0  1.02s           2025-03-03T02:15:07
/Users/atulkumar/Documents/MLOperations/MLOps/venv/lib/python3.11/site-packages/airflow/example_dags/plugins/workday.py                                                                   0           0  1.63s           2025-03-03T02:16:38
/Users/atulkumar/Documents/MLOperations/MLOps/venv/lib/python3.11/site-packages/airflow/example_dags/plugins/event_listener.py                                                            0           0  1.25s           2025-03-03T02:16:42
/Users/atulkumar/Documents/MLOperations/MLOps/venv/lib/python3.11/site-packages/airflow/example_dags/plugins/listener_plugin.py                                                           0           0  0.95s           2025-03-03T02:16:40
/Users/atulkumar/Documents/MLOperations/MLOps/venv/lib/python3.11/site-packages/airflow/example_dags/subdags/subdag.py                                                                    0           0  1.00s           2025-03-03T02:16:35
/Users/atulkumar/Documents/MLOperations/MLOps/Data-Pipeline/dags/test_pipeline_dag.py                                                                                                     1           0  0.99s           2025-03-03T02:16:33
/Users/atulkumar/Documents/MLOperations/MLOps/Data-Pipeline/dags/dag_test.py                                                                                                              1           0  1.04s           2025-03-03T02:16:31
/Users/atulkumar/Documents/MLOperations/MLOps/venv/lib/python3.11/site-packages/airflow/example_dags/example_latest_only.py                                                               1           0  0.97s           2025-03-03T02:16:02
/Users/atulkumar/Documents/MLOperations/MLOps/venv/lib/python3.11/site-packages/airflow/example_dags/example_task_group_decorator.py                                                      1           0  1.01s           2025-03-03T02:15:59
/Users/atulkumar/Documents/MLOperations/MLOps/venv/lib/python3.11/site-packages/airflow/example_dags/example_complex.py                                                                   1           0  1.08s           2025-03-03T02:16:16
/Users/atulkumar/Documents/MLOperations/MLOps/venv/lib/python3.11/site-packages/airflow/example_dags/example_python_operator.py                                                           1           0  1.03s           2025-03-03T02:15:16
/Users/atulkumar/Documents/MLOperations/MLOps/venv/lib/python3.11/site-packages/airflow/example_dags/example_params_trigger_ui.py                                                         1           0  0.96s           2025-03-03T02:15:22
/Users/atulkumar/Documents/MLOperations/MLOps/venv/lib/python3.11/site-packages/airflow/example_dags/example_bash_operator.py                                                             1           0  1.25s           2025-03-03T02:16:30
/Users/atulkumar/Documents/MLOperations/MLOps/venv/lib/python3.11/site-packages/airflow/example_dags/example_short_circuit_operator.py                                                    1           0  0.94s           2025-03-03T02:15:04
/Users/atulkumar/Documents/MLOperations/MLOps/venv/lib/python3.11/site-packages/airflow/example_dags/example_branch_operator.py                                                           1           0  1.00s           2025-03-03T02:16:22
/Users/atulkumar/Documents/MLOperations/MLOps/venv/lib/python3.11/site-packages/airflow/example_dags/example_branch_labels.py                                                             1           0  0.95s           2025-03-03T02:16:23
/Users/atulkumar/Documents/MLOperations/MLOps/venv/lib/python3.11/site-packages/airflow/example_dags/tutorial_taskflow_api.py                                                             1           0  1.02s           2025-03-03T02:16:46
/Users/atulkumar/Documents/MLOperations/MLOps/venv/lib/python3.11/site-packages/airflow/example_dags/example_task_group.py                                                                1           0  0.96s           2025-03-03T02:16:01
/Users/atulkumar/Documents/MLOperations/MLOps/venv/lib/python3.11/site-packages/airflow/example_dags/tutorial.py                                                                          1           0  0.96s           2025-03-03T02:16:50
/Users/atulkumar/Documents/MLOperations/MLOps/venv/lib/python3.11/site-packages/airflow/example_dags/example_sla_dag.py                                                                   1           0  0.95s           2025-03-03T02:15:01
/Users/atulkumar/Documents/MLOperations/MLOps/venv/lib/python3.11/site-packages/airflow/example_dags/example_passing_params_via_test_command.py                                           1           0  0.96s           2025-03-03T02:15:18
/Users/atulkumar/Documents/MLOperations/MLOps/venv/lib/python3.11/site-packages/airflow/example_dags/example_latest_only_with_trigger.py                                                  1           0  1.12s           2025-03-03T02:15:28
/Users/atulkumar/Documents/MLOperations/MLOps/venv/lib/python3.11/site-packages/airflow/example_dags/example_time_delta_sensor_async.py                                                   1           0  1.02s           2025-03-03T02:15:57
/Users/atulkumar/Documents/MLOperations/MLOps/venv/lib/python3.11/site-packages/airflow/example_dags/example_dag_decorator.py                                                             1           0  1.16s           2025-03-03T02:16:14
/Users/atulkumar/Documents/MLOperations/MLOps/venv/lib/python3.11/site-packages/airflow/example_dags/example_xcom.py                                                                      1           0  1.05s           2025-03-03T02:15:52
/Users/atulkumar/Documents/MLOperations/MLOps/venv/lib/python3.11/site-packages/airflow/example_dags/example_branch_operator_decorator.py                                                 1           0  1.07s           2025-03-03T02:16:20
/Users/atulkumar/Documents/MLOperations/MLOps/venv/lib/python3.11/site-packages/airflow/example_dags/example_branch_day_of_week_operator.py                                               1           0  0.99s           2025-03-03T02:16:25
/Users/atulkumar/Documents/MLOperations/MLOps/venv/lib/python3.11/site-packages/airflow/example_dags/example_skip_dag.py                                                                  1           0  0.96s           2025-03-03T02:15:02
/Users/atulkumar/Documents/MLOperations/MLOps/venv/lib/python3.11/site-packages/airflow/example_dags/example_short_circuit_decorator.py                                                   1           0  0.97s           2025-03-03T02:15:06
/Users/atulkumar/Documents/MLOperations/MLOps/venv/lib/python3.11/site-packages/airflow/example_dags/tutorial_dag.py                                                                      1           0  1.09s           2025-03-03T02:16:48
/Users/atulkumar/Documents/MLOperations/MLOps/venv/lib/python3.11/site-packages/airflow/example_dags/example_trigger_target_dag.py                                                        1           0  1.23s           2025-03-03T02:15:54
/Users/atulkumar/Documents/MLOperations/MLOps/venv/lib/python3.11/site-packages/airflow/example_dags/example_sensor_decorator.py                                                          1           0  1.31s           2025-03-03T02:15:14
/Users/atulkumar/Documents/MLOperations/MLOps/venv/lib/python3.11/site-packages/airflow/example_dags/example_branch_python_dop_operator_3.py                                              1           0  1.16s           2025-03-03T02:16:18
/Users/atulkumar/Documents/MLOperations/MLOps/venv/lib/python3.11/site-packages/airflow/example_dags/example_sensors.py                                                                   1           0  1.04s           2025-03-03T02:15:12
/Users/atulkumar/Documents/MLOperations/MLOps/venv/lib/python3.11/site-packages/airflow/example_dags/example_nested_branch_dag.py                                                         1           0  1.06s           2025-03-03T02:15:24
/Users/atulkumar/Documents/MLOperations/MLOps/venv/lib/python3.11/site-packages/airflow/example_dags/example_dynamic_task_mapping_with_no_taskflow_operators.py                           1           0  0.96s           2025-03-03T02:16:08
/Users/atulkumar/Documents/MLOperations/MLOps/venv/lib/python3.11/site-packages/airflow/example_dags/example_trigger_controller_dag.py                                                    1           0  1.08s           2025-03-03T02:15:56
/Users/atulkumar/Documents/MLOperations/MLOps/venv/lib/python3.11/site-packages/airflow/example_dags/example_params_ui_tutorial.py                                                        1           0  1.00s           2025-03-03T02:15:20
/Users/atulkumar/Documents/MLOperations/MLOps/venv/lib/python3.11/site-packages/airflow/example_dags/example_dynamic_task_mapping.py                                                      1           0  1.03s           2025-03-03T02:16:10
/Users/atulkumar/Documents/MLOperations/MLOps/venv/lib/python3.11/site-packages/airflow/example_dags/example_external_task_marker_dag.py                                                  2           0  0.98s           2025-03-03T02:16:06
/Users/atulkumar/Documents/MLOperations/MLOps/venv/lib/python3.11/site-packages/airflow/example_dags/example_xcomargs.py                                                                  2           0  1.53s           2025-03-03T02:16:52
/Users/atulkumar/Documents/MLOperations/MLOps/venv/lib/python3.11/site-packages/airflow/example_dags/example_branch_datetime_operator.py                                                  3           0  1.29s           2025-03-03T02:16:27
/Users/atulkumar/Documents/MLOperations/MLOps/venv/lib/python3.11/site-packages/airflow/example_dags/example_subdag_operator.py                                                           3           0  1.08s           2025-03-03T02:14:59
/Users/atulkumar/Documents/MLOperations/MLOps/venv/lib/python3.11/site-packages/airflow/example_dags/example_datasets.py                                                                  6           0  1.58s           2025-03-03T02:16:12
================================================================================
[2025-03-02T21:17:24.371-0500] {manager.py:889} INFO - 
================================================================================
DAG File Processing Stats

File Path                                                                                                                                                        PID    Runtime      # DAGs    # Errors  Last Runtime    Last Run
---------------------------------------------------------------------------------------------------------------------------------------------------------------  -----  ---------  --------  ----------  --------------  -------------------
/Users/atulkumar/Documents/MLOperations/MLOps/venv/lib/python3.11/site-packages/airflow/example_dags/example_local_kubernetes_executor.py                                                 0           0  1.03s           2025-03-03T02:15:26
/Users/atulkumar/Documents/MLOperations/MLOps/venv/lib/python3.11/site-packages/airflow/example_dags/tutorial_taskflow_api_virtualenv.py                                                  0           0  1.06s           2025-03-03T02:16:44
/Users/atulkumar/Documents/MLOperations/MLOps/venv/lib/python3.11/site-packages/airflow/example_dags/example_setup_teardown.py                                                            0           0  0.98s           2025-03-03T02:17:16
/Users/atulkumar/Documents/MLOperations/MLOps/venv/lib/python3.11/site-packages/airflow/example_dags/example_kubernetes_executor.py                                                       0           0  0.97s           2025-03-03T02:16:04
/Users/atulkumar/Documents/MLOperations/MLOps/venv/lib/python3.11/site-packages/airflow/example_dags/example_setup_teardown_taskflow.py                                                   0           0  0.94s           2025-03-03T02:17:15
/Users/atulkumar/Documents/MLOperations/MLOps/venv/lib/python3.11/site-packages/airflow/example_dags/plugins/workday.py                                                                   0           0  1.63s           2025-03-03T02:16:38
/Users/atulkumar/Documents/MLOperations/MLOps/venv/lib/python3.11/site-packages/airflow/example_dags/plugins/event_listener.py                                                            0           0  1.25s           2025-03-03T02:16:42
/Users/atulkumar/Documents/MLOperations/MLOps/venv/lib/python3.11/site-packages/airflow/example_dags/plugins/listener_plugin.py                                                           0           0  0.95s           2025-03-03T02:16:40
/Users/atulkumar/Documents/MLOperations/MLOps/venv/lib/python3.11/site-packages/airflow/example_dags/subdags/subdag.py                                                                    0           0  1.00s           2025-03-03T02:16:35
/Users/atulkumar/Documents/MLOperations/MLOps/Data-Pipeline/dags/test_pipeline_dag.py                                                                                                     1           0  0.99s           2025-03-03T02:16:33
/Users/atulkumar/Documents/MLOperations/MLOps/Data-Pipeline/dags/dag_test.py                                                                                                              1           0  1.04s           2025-03-03T02:16:31
/Users/atulkumar/Documents/MLOperations/MLOps/venv/lib/python3.11/site-packages/airflow/example_dags/example_latest_only.py                                                               1           0  0.97s           2025-03-03T02:16:02
/Users/atulkumar/Documents/MLOperations/MLOps/venv/lib/python3.11/site-packages/airflow/example_dags/example_task_group_decorator.py                                                      1           0  1.09s           2025-03-03T02:17:03
/Users/atulkumar/Documents/MLOperations/MLOps/venv/lib/python3.11/site-packages/airflow/example_dags/example_complex.py                                                                   1           0  1.08s           2025-03-03T02:16:16
/Users/atulkumar/Documents/MLOperations/MLOps/venv/lib/python3.11/site-packages/airflow/example_dags/example_python_operator.py                                                           1           0  1.00s           2025-03-03T02:17:21
/Users/atulkumar/Documents/MLOperations/MLOps/venv/lib/python3.11/site-packages/airflow/example_dags/example_params_trigger_ui.py                                                         1           0  0.96s           2025-03-03T02:15:22
/Users/atulkumar/Documents/MLOperations/MLOps/venv/lib/python3.11/site-packages/airflow/example_dags/example_bash_operator.py                                                             1           0  1.25s           2025-03-03T02:16:30
/Users/atulkumar/Documents/MLOperations/MLOps/venv/lib/python3.11/site-packages/airflow/example_dags/example_short_circuit_operator.py                                                    1           0  1.00s           2025-03-03T02:17:12
/Users/atulkumar/Documents/MLOperations/MLOps/venv/lib/python3.11/site-packages/airflow/example_dags/example_branch_operator.py                                                           1           0  1.00s           2025-03-03T02:16:22
/Users/atulkumar/Documents/MLOperations/MLOps/venv/lib/python3.11/site-packages/airflow/example_dags/example_branch_labels.py                                                             1           0  0.95s           2025-03-03T02:16:23
/Users/atulkumar/Documents/MLOperations/MLOps/venv/lib/python3.11/site-packages/airflow/example_dags/tutorial_taskflow_api.py                                                             1           0  1.02s           2025-03-03T02:16:46
/Users/atulkumar/Documents/MLOperations/MLOps/venv/lib/python3.11/site-packages/airflow/example_dags/example_task_group.py                                                                1           0  0.96s           2025-03-03T02:16:01
/Users/atulkumar/Documents/MLOperations/MLOps/venv/lib/python3.11/site-packages/airflow/example_dags/tutorial.py                                                                          1           0  0.96s           2025-03-03T02:16:50
/Users/atulkumar/Documents/MLOperations/MLOps/venv/lib/python3.11/site-packages/airflow/example_dags/example_sla_dag.py                                                                   1           0  1.22s           2025-03-03T02:17:07
/Users/atulkumar/Documents/MLOperations/MLOps/venv/lib/python3.11/site-packages/airflow/example_dags/example_passing_params_via_test_command.py                                           1           0  1.53s           2025-03-03T02:17:24
/Users/atulkumar/Documents/MLOperations/MLOps/venv/lib/python3.11/site-packages/airflow/example_dags/example_latest_only_with_trigger.py                                                  1           0  1.12s           2025-03-03T02:15:28
/Users/atulkumar/Documents/MLOperations/MLOps/venv/lib/python3.11/site-packages/airflow/example_dags/example_time_delta_sensor_async.py                                                   1           0  1.39s           2025-03-03T02:17:01
/Users/atulkumar/Documents/MLOperations/MLOps/venv/lib/python3.11/site-packages/airflow/example_dags/example_dag_decorator.py                                                             1           0  1.16s           2025-03-03T02:16:14
/Users/atulkumar/Documents/MLOperations/MLOps/venv/lib/python3.11/site-packages/airflow/example_dags/example_xcom.py                                                                      1           0  1.28s           2025-03-03T02:16:54
/Users/atulkumar/Documents/MLOperations/MLOps/venv/lib/python3.11/site-packages/airflow/example_dags/example_branch_operator_decorator.py                                                 1           0  1.07s           2025-03-03T02:16:20
/Users/atulkumar/Documents/MLOperations/MLOps/venv/lib/python3.11/site-packages/airflow/example_dags/example_branch_day_of_week_operator.py                                               1           0  0.99s           2025-03-03T02:16:25
/Users/atulkumar/Documents/MLOperations/MLOps/venv/lib/python3.11/site-packages/airflow/example_dags/example_skip_dag.py                                                                  1           0  1.47s           2025-03-03T02:17:10
/Users/atulkumar/Documents/MLOperations/MLOps/venv/lib/python3.11/site-packages/airflow/example_dags/example_short_circuit_decorator.py                                                   1           0  0.97s           2025-03-03T02:17:13
/Users/atulkumar/Documents/MLOperations/MLOps/venv/lib/python3.11/site-packages/airflow/example_dags/tutorial_dag.py                                                                      1           0  1.09s           2025-03-03T02:16:48
/Users/atulkumar/Documents/MLOperations/MLOps/venv/lib/python3.11/site-packages/airflow/example_dags/example_trigger_target_dag.py                                                        1           0  1.32s           2025-03-03T02:16:56
/Users/atulkumar/Documents/MLOperations/MLOps/venv/lib/python3.11/site-packages/airflow/example_dags/example_sensor_decorator.py                                                          1           0  0.96s           2025-03-03T02:17:19
/Users/atulkumar/Documents/MLOperations/MLOps/venv/lib/python3.11/site-packages/airflow/example_dags/example_branch_python_dop_operator_3.py                                              1           0  1.16s           2025-03-03T02:16:18
/Users/atulkumar/Documents/MLOperations/MLOps/venv/lib/python3.11/site-packages/airflow/example_dags/example_sensors.py                                                                   1           0  1.01s           2025-03-03T02:17:18
/Users/atulkumar/Documents/MLOperations/MLOps/venv/lib/python3.11/site-packages/airflow/example_dags/example_nested_branch_dag.py                                                         1           0  1.06s           2025-03-03T02:15:24
/Users/atulkumar/Documents/MLOperations/MLOps/venv/lib/python3.11/site-packages/airflow/example_dags/example_dynamic_task_mapping_with_no_taskflow_operators.py                           1           0  0.96s           2025-03-03T02:16:08
/Users/atulkumar/Documents/MLOperations/MLOps/venv/lib/python3.11/site-packages/airflow/example_dags/example_trigger_controller_dag.py                                                    1           0  1.63s           2025-03-03T02:16:59
/Users/atulkumar/Documents/MLOperations/MLOps/venv/lib/python3.11/site-packages/airflow/example_dags/example_params_ui_tutorial.py                                                        1           0  1.00s           2025-03-03T02:15:20
/Users/atulkumar/Documents/MLOperations/MLOps/venv/lib/python3.11/site-packages/airflow/example_dags/example_dynamic_task_mapping.py                                                      1           0  1.03s           2025-03-03T02:16:10
/Users/atulkumar/Documents/MLOperations/MLOps/venv/lib/python3.11/site-packages/airflow/example_dags/example_external_task_marker_dag.py                                                  2           0  0.98s           2025-03-03T02:16:06
/Users/atulkumar/Documents/MLOperations/MLOps/venv/lib/python3.11/site-packages/airflow/example_dags/example_xcomargs.py                                                                  2           0  1.53s           2025-03-03T02:16:52
/Users/atulkumar/Documents/MLOperations/MLOps/venv/lib/python3.11/site-packages/airflow/example_dags/example_branch_datetime_operator.py                                                  3           0  1.29s           2025-03-03T02:16:27
/Users/atulkumar/Documents/MLOperations/MLOps/venv/lib/python3.11/site-packages/airflow/example_dags/example_subdag_operator.py                                                           3           0  0.94s           2025-03-03T02:17:05
/Users/atulkumar/Documents/MLOperations/MLOps/venv/lib/python3.11/site-packages/airflow/example_dags/example_datasets.py                                                                  6           0  1.58s           2025-03-03T02:16:12
================================================================================
[2025-03-02T21:17:48.277-0500] {manager.py:758} INFO - Searching for files in /Users/atulkumar/Documents/MLOperations/MLOps/Data-Pipeline/dags
[2025-03-02T21:17:48.301-0500] {manager.py:761} INFO - There are 48 files in /Users/atulkumar/Documents/MLOperations/MLOps/Data-Pipeline/dags
[2025-03-02T21:17:55.580-0500] {manager.py:889} INFO - 
================================================================================
DAG File Processing Stats

File Path                                                                                                                                                        PID    Runtime      # DAGs    # Errors  Last Runtime    Last Run
---------------------------------------------------------------------------------------------------------------------------------------------------------------  -----  ---------  --------  ----------  --------------  -------------------
/Users/atulkumar/Documents/MLOperations/MLOps/venv/lib/python3.11/site-packages/airflow/example_dags/example_local_kubernetes_executor.py                                                 0           0  1.00s           2025-03-03T02:17:31
/Users/atulkumar/Documents/MLOperations/MLOps/venv/lib/python3.11/site-packages/airflow/example_dags/tutorial_taskflow_api_virtualenv.py                                                  0           0  1.00s           2025-03-03T02:17:47
/Users/atulkumar/Documents/MLOperations/MLOps/venv/lib/python3.11/site-packages/airflow/example_dags/example_setup_teardown.py                                                            0           0  0.98s           2025-03-03T02:17:16
/Users/atulkumar/Documents/MLOperations/MLOps/venv/lib/python3.11/site-packages/airflow/example_dags/example_kubernetes_executor.py                                                       0           0  0.97s           2025-03-03T02:16:04
/Users/atulkumar/Documents/MLOperations/MLOps/venv/lib/python3.11/site-packages/airflow/example_dags/example_setup_teardown_taskflow.py                                                   0           0  0.94s           2025-03-03T02:17:15
/Users/atulkumar/Documents/MLOperations/MLOps/venv/lib/python3.11/site-packages/airflow/example_dags/plugins/workday.py                                                                   0           0  1.32s           2025-03-03T02:17:41
/Users/atulkumar/Documents/MLOperations/MLOps/venv/lib/python3.11/site-packages/airflow/example_dags/plugins/event_listener.py                                                            0           0  1.41s           2025-03-03T02:17:46
/Users/atulkumar/Documents/MLOperations/MLOps/venv/lib/python3.11/site-packages/airflow/example_dags/plugins/listener_plugin.py                                                           0           0  1.56s           2025-03-03T02:17:43
/Users/atulkumar/Documents/MLOperations/MLOps/venv/lib/python3.11/site-packages/airflow/example_dags/subdags/subdag.py                                                                    0           0  0.94s           2025-03-03T02:17:38
/Users/atulkumar/Documents/MLOperations/MLOps/Data-Pipeline/dags/test_pipeline_dag.py                                                                                                     1           0  1.01s           2025-03-03T02:17:37
/Users/atulkumar/Documents/MLOperations/MLOps/Data-Pipeline/dags/dag_test.py                                                                                                              1           0  0.98s           2025-03-03T02:17:35
/Users/atulkumar/Documents/MLOperations/MLOps/venv/lib/python3.11/site-packages/airflow/example_dags/example_latest_only.py                                                               1           0  0.97s           2025-03-03T02:16:02
/Users/atulkumar/Documents/MLOperations/MLOps/venv/lib/python3.11/site-packages/airflow/example_dags/example_task_group_decorator.py                                                      1           0  1.09s           2025-03-03T02:17:03
/Users/atulkumar/Documents/MLOperations/MLOps/venv/lib/python3.11/site-packages/airflow/example_dags/example_complex.py                                                                   1           0  1.08s           2025-03-03T02:16:16
/Users/atulkumar/Documents/MLOperations/MLOps/venv/lib/python3.11/site-packages/airflow/example_dags/example_python_operator.py                                                           1           0  1.00s           2025-03-03T02:17:21
/Users/atulkumar/Documents/MLOperations/MLOps/venv/lib/python3.11/site-packages/airflow/example_dags/example_params_trigger_ui.py                                                         1           0  1.08s           2025-03-03T02:17:27
/Users/atulkumar/Documents/MLOperations/MLOps/venv/lib/python3.11/site-packages/airflow/example_dags/example_bash_operator.py                                                             1           0  1.25s           2025-03-03T02:16:30
/Users/atulkumar/Documents/MLOperations/MLOps/venv/lib/python3.11/site-packages/airflow/example_dags/example_short_circuit_operator.py                                                    1           0  1.00s           2025-03-03T02:17:12
/Users/atulkumar/Documents/MLOperations/MLOps/venv/lib/python3.11/site-packages/airflow/example_dags/example_branch_operator.py                                                           1           0  1.00s           2025-03-03T02:16:22
/Users/atulkumar/Documents/MLOperations/MLOps/venv/lib/python3.11/site-packages/airflow/example_dags/example_branch_labels.py                                                             1           0  0.95s           2025-03-03T02:16:23
/Users/atulkumar/Documents/MLOperations/MLOps/venv/lib/python3.11/site-packages/airflow/example_dags/tutorial_taskflow_api.py                                                             1           0  1.07s           2025-03-03T02:17:49
/Users/atulkumar/Documents/MLOperations/MLOps/venv/lib/python3.11/site-packages/airflow/example_dags/example_task_group.py                                                                1           0  0.96s           2025-03-03T02:16:01
/Users/atulkumar/Documents/MLOperations/MLOps/venv/lib/python3.11/site-packages/airflow/example_dags/tutorial.py                                                                          1           0  0.98s           2025-03-03T02:17:53
/Users/atulkumar/Documents/MLOperations/MLOps/venv/lib/python3.11/site-packages/airflow/example_dags/example_sla_dag.py                                                                   1           0  1.22s           2025-03-03T02:17:07
/Users/atulkumar/Documents/MLOperations/MLOps/venv/lib/python3.11/site-packages/airflow/example_dags/example_passing_params_via_test_command.py                                           1           0  1.53s           2025-03-03T02:17:24
/Users/atulkumar/Documents/MLOperations/MLOps/venv/lib/python3.11/site-packages/airflow/example_dags/example_latest_only_with_trigger.py                                                  1           0  1.06s           2025-03-03T02:17:33
/Users/atulkumar/Documents/MLOperations/MLOps/venv/lib/python3.11/site-packages/airflow/example_dags/example_time_delta_sensor_async.py                                                   1           0  1.39s           2025-03-03T02:17:01
/Users/atulkumar/Documents/MLOperations/MLOps/venv/lib/python3.11/site-packages/airflow/example_dags/example_dag_decorator.py                                                             1           0  1.16s           2025-03-03T02:16:14
/Users/atulkumar/Documents/MLOperations/MLOps/venv/lib/python3.11/site-packages/airflow/example_dags/example_xcom.py                                                                      1           0  1.28s           2025-03-03T02:16:54
/Users/atulkumar/Documents/MLOperations/MLOps/venv/lib/python3.11/site-packages/airflow/example_dags/example_branch_operator_decorator.py                                                 1           0  1.07s           2025-03-03T02:16:20
/Users/atulkumar/Documents/MLOperations/MLOps/venv/lib/python3.11/site-packages/airflow/example_dags/example_branch_day_of_week_operator.py                                               1           0  0.99s           2025-03-03T02:16:25
/Users/atulkumar/Documents/MLOperations/MLOps/venv/lib/python3.11/site-packages/airflow/example_dags/example_skip_dag.py                                                                  1           0  1.47s           2025-03-03T02:17:10
/Users/atulkumar/Documents/MLOperations/MLOps/venv/lib/python3.11/site-packages/airflow/example_dags/example_short_circuit_decorator.py                                                   1           0  0.97s           2025-03-03T02:17:13
/Users/atulkumar/Documents/MLOperations/MLOps/venv/lib/python3.11/site-packages/airflow/example_dags/tutorial_dag.py                                                                      1           0  1.02s           2025-03-03T02:17:51
/Users/atulkumar/Documents/MLOperations/MLOps/venv/lib/python3.11/site-packages/airflow/example_dags/example_trigger_target_dag.py                                                        1           0  1.32s           2025-03-03T02:16:56
/Users/atulkumar/Documents/MLOperations/MLOps/venv/lib/python3.11/site-packages/airflow/example_dags/example_sensor_decorator.py                                                          1           0  0.96s           2025-03-03T02:17:19
/Users/atulkumar/Documents/MLOperations/MLOps/venv/lib/python3.11/site-packages/airflow/example_dags/example_branch_python_dop_operator_3.py                                              1           0  1.16s           2025-03-03T02:16:18
/Users/atulkumar/Documents/MLOperations/MLOps/venv/lib/python3.11/site-packages/airflow/example_dags/example_sensors.py                                                                   1           0  1.01s           2025-03-03T02:17:18
/Users/atulkumar/Documents/MLOperations/MLOps/venv/lib/python3.11/site-packages/airflow/example_dags/example_nested_branch_dag.py                                                         1           0  1.05s           2025-03-03T02:17:29
/Users/atulkumar/Documents/MLOperations/MLOps/venv/lib/python3.11/site-packages/airflow/example_dags/example_dynamic_task_mapping_with_no_taskflow_operators.py                           1           0  0.96s           2025-03-03T02:16:08
/Users/atulkumar/Documents/MLOperations/MLOps/venv/lib/python3.11/site-packages/airflow/example_dags/example_trigger_controller_dag.py                                                    1           0  1.63s           2025-03-03T02:16:59
/Users/atulkumar/Documents/MLOperations/MLOps/venv/lib/python3.11/site-packages/airflow/example_dags/example_params_ui_tutorial.py                                                        1           0  1.10s           2025-03-03T02:17:25
/Users/atulkumar/Documents/MLOperations/MLOps/venv/lib/python3.11/site-packages/airflow/example_dags/example_dynamic_task_mapping.py                                                      1           0  1.03s           2025-03-03T02:16:10
/Users/atulkumar/Documents/MLOperations/MLOps/venv/lib/python3.11/site-packages/airflow/example_dags/example_external_task_marker_dag.py                                                  2           0  0.98s           2025-03-03T02:16:06
/Users/atulkumar/Documents/MLOperations/MLOps/venv/lib/python3.11/site-packages/airflow/example_dags/example_xcomargs.py                                                                  2           0  1.16s           2025-03-03T02:17:55
/Users/atulkumar/Documents/MLOperations/MLOps/venv/lib/python3.11/site-packages/airflow/example_dags/example_branch_datetime_operator.py                                                  3           0  1.29s           2025-03-03T02:16:27
/Users/atulkumar/Documents/MLOperations/MLOps/venv/lib/python3.11/site-packages/airflow/example_dags/example_subdag_operator.py                                                           3           0  0.94s           2025-03-03T02:17:05
/Users/atulkumar/Documents/MLOperations/MLOps/venv/lib/python3.11/site-packages/airflow/example_dags/example_datasets.py                                                                  6           0  1.58s           2025-03-03T02:16:12
================================================================================
[2025-03-02T21:18:25.857-0500] {manager.py:889} INFO - 
================================================================================
DAG File Processing Stats

File Path                                                                                                                                                        PID    Runtime      # DAGs    # Errors  Last Runtime    Last Run
---------------------------------------------------------------------------------------------------------------------------------------------------------------  -----  ---------  --------  ----------  --------------  -------------------
/Users/atulkumar/Documents/MLOperations/MLOps/venv/lib/python3.11/site-packages/airflow/example_dags/example_local_kubernetes_executor.py                                                 0           0  1.00s           2025-03-03T02:17:31
/Users/atulkumar/Documents/MLOperations/MLOps/venv/lib/python3.11/site-packages/airflow/example_dags/tutorial_taskflow_api_virtualenv.py                                                  0           0  1.00s           2025-03-03T02:17:47
/Users/atulkumar/Documents/MLOperations/MLOps/venv/lib/python3.11/site-packages/airflow/example_dags/example_setup_teardown.py                                                            0           0  0.98s           2025-03-03T02:17:16
/Users/atulkumar/Documents/MLOperations/MLOps/venv/lib/python3.11/site-packages/airflow/example_dags/example_kubernetes_executor.py                                                       0           0  1.05s           2025-03-03T02:18:12
/Users/atulkumar/Documents/MLOperations/MLOps/venv/lib/python3.11/site-packages/airflow/example_dags/example_setup_teardown_taskflow.py                                                   0           0  0.94s           2025-03-03T02:17:15
/Users/atulkumar/Documents/MLOperations/MLOps/venv/lib/python3.11/site-packages/airflow/example_dags/plugins/workday.py                                                                   0           0  1.32s           2025-03-03T02:17:41
/Users/atulkumar/Documents/MLOperations/MLOps/venv/lib/python3.11/site-packages/airflow/example_dags/plugins/event_listener.py                                                            0           0  1.41s           2025-03-03T02:17:46
/Users/atulkumar/Documents/MLOperations/MLOps/venv/lib/python3.11/site-packages/airflow/example_dags/plugins/listener_plugin.py                                                           0           0  1.56s           2025-03-03T02:17:43
/Users/atulkumar/Documents/MLOperations/MLOps/venv/lib/python3.11/site-packages/airflow/example_dags/subdags/subdag.py                                                                    0           0  0.94s           2025-03-03T02:17:38
/Users/atulkumar/Documents/MLOperations/MLOps/Data-Pipeline/dags/test_pipeline_dag.py                                                                                                     1           0  1.01s           2025-03-03T02:17:37
/Users/atulkumar/Documents/MLOperations/MLOps/Data-Pipeline/dags/dag_test.py                                                                                                              1           0  0.98s           2025-03-03T02:17:35
/Users/atulkumar/Documents/MLOperations/MLOps/venv/lib/python3.11/site-packages/airflow/example_dags/example_latest_only.py                                                               1           0  1.19s           2025-03-03T02:18:09
/Users/atulkumar/Documents/MLOperations/MLOps/venv/lib/python3.11/site-packages/airflow/example_dags/example_task_group_decorator.py                                                      1           0  1.06s           2025-03-03T02:18:05
/Users/atulkumar/Documents/MLOperations/MLOps/venv/lib/python3.11/site-packages/airflow/example_dags/example_complex.py                                                                   1           0  1.08s           2025-03-03T02:18:25
/Users/atulkumar/Documents/MLOperations/MLOps/venv/lib/python3.11/site-packages/airflow/example_dags/example_python_operator.py                                                           1           0  1.00s           2025-03-03T02:17:21
/Users/atulkumar/Documents/MLOperations/MLOps/venv/lib/python3.11/site-packages/airflow/example_dags/example_params_trigger_ui.py                                                         1           0  1.08s           2025-03-03T02:17:27
/Users/atulkumar/Documents/MLOperations/MLOps/venv/lib/python3.11/site-packages/airflow/example_dags/example_bash_operator.py                                                             1           0  1.25s           2025-03-03T02:16:30
/Users/atulkumar/Documents/MLOperations/MLOps/venv/lib/python3.11/site-packages/airflow/example_dags/example_short_circuit_operator.py                                                    1           0  1.00s           2025-03-03T02:17:12
/Users/atulkumar/Documents/MLOperations/MLOps/venv/lib/python3.11/site-packages/airflow/example_dags/example_branch_operator.py                                                           1           0  1.00s           2025-03-03T02:16:22
/Users/atulkumar/Documents/MLOperations/MLOps/venv/lib/python3.11/site-packages/airflow/example_dags/example_branch_labels.py                                                             1           0  0.95s           2025-03-03T02:16:23
/Users/atulkumar/Documents/MLOperations/MLOps/venv/lib/python3.11/site-packages/airflow/example_dags/tutorial_taskflow_api.py                                                             1           0  1.07s           2025-03-03T02:17:49
/Users/atulkumar/Documents/MLOperations/MLOps/venv/lib/python3.11/site-packages/airflow/example_dags/example_task_group.py                                                                1           0  1.05s           2025-03-03T02:18:07
/Users/atulkumar/Documents/MLOperations/MLOps/venv/lib/python3.11/site-packages/airflow/example_dags/tutorial.py                                                                          1           0  0.98s           2025-03-03T02:17:53
/Users/atulkumar/Documents/MLOperations/MLOps/venv/lib/python3.11/site-packages/airflow/example_dags/example_sla_dag.py                                                                   1           0  1.22s           2025-03-03T02:17:07
/Users/atulkumar/Documents/MLOperations/MLOps/venv/lib/python3.11/site-packages/airflow/example_dags/example_passing_params_via_test_command.py                                           1           0  1.53s           2025-03-03T02:17:24
/Users/atulkumar/Documents/MLOperations/MLOps/venv/lib/python3.11/site-packages/airflow/example_dags/example_latest_only_with_trigger.py                                                  1           0  1.06s           2025-03-03T02:17:33
/Users/atulkumar/Documents/MLOperations/MLOps/venv/lib/python3.11/site-packages/airflow/example_dags/example_time_delta_sensor_async.py                                                   1           0  1.03s           2025-03-03T02:18:03
/Users/atulkumar/Documents/MLOperations/MLOps/venv/lib/python3.11/site-packages/airflow/example_dags/example_dag_decorator.py                                                             1           0  1.16s           2025-03-03T02:18:23
/Users/atulkumar/Documents/MLOperations/MLOps/venv/lib/python3.11/site-packages/airflow/example_dags/example_xcom.py                                                                      1           0  1.03s           2025-03-03T02:17:57
/Users/atulkumar/Documents/MLOperations/MLOps/venv/lib/python3.11/site-packages/airflow/example_dags/example_branch_operator_decorator.py                                                 1           0  1.07s           2025-03-03T02:16:20
/Users/atulkumar/Documents/MLOperations/MLOps/venv/lib/python3.11/site-packages/airflow/example_dags/example_branch_day_of_week_operator.py                                               1           0  0.99s           2025-03-03T02:16:25
/Users/atulkumar/Documents/MLOperations/MLOps/venv/lib/python3.11/site-packages/airflow/example_dags/example_skip_dag.py                                                                  1           0  1.47s           2025-03-03T02:17:10
/Users/atulkumar/Documents/MLOperations/MLOps/venv/lib/python3.11/site-packages/airflow/example_dags/example_short_circuit_decorator.py                                                   1           0  0.97s           2025-03-03T02:17:13
/Users/atulkumar/Documents/MLOperations/MLOps/venv/lib/python3.11/site-packages/airflow/example_dags/tutorial_dag.py                                                                      1           0  1.02s           2025-03-03T02:17:51
/Users/atulkumar/Documents/MLOperations/MLOps/venv/lib/python3.11/site-packages/airflow/example_dags/example_trigger_target_dag.py                                                        1           0  1.04s           2025-03-03T02:17:59
/Users/atulkumar/Documents/MLOperations/MLOps/venv/lib/python3.11/site-packages/airflow/example_dags/example_sensor_decorator.py                                                          1           0  0.96s           2025-03-03T02:17:19
/Users/atulkumar/Documents/MLOperations/MLOps/venv/lib/python3.11/site-packages/airflow/example_dags/example_branch_python_dop_operator_3.py                                              1           0  1.16s           2025-03-03T02:16:18
/Users/atulkumar/Documents/MLOperations/MLOps/venv/lib/python3.11/site-packages/airflow/example_dags/example_sensors.py                                                                   1           0  1.01s           2025-03-03T02:17:18
/Users/atulkumar/Documents/MLOperations/MLOps/venv/lib/python3.11/site-packages/airflow/example_dags/example_nested_branch_dag.py                                                         1           0  1.05s           2025-03-03T02:17:29
/Users/atulkumar/Documents/MLOperations/MLOps/venv/lib/python3.11/site-packages/airflow/example_dags/example_dynamic_task_mapping_with_no_taskflow_operators.py                           1           0  1.08s           2025-03-03T02:18:16
/Users/atulkumar/Documents/MLOperations/MLOps/venv/lib/python3.11/site-packages/airflow/example_dags/example_trigger_controller_dag.py                                                    1           0  1.00s           2025-03-03T02:18:01
/Users/atulkumar/Documents/MLOperations/MLOps/venv/lib/python3.11/site-packages/airflow/example_dags/example_params_ui_tutorial.py                                                        1           0  1.10s           2025-03-03T02:17:25
/Users/atulkumar/Documents/MLOperations/MLOps/venv/lib/python3.11/site-packages/airflow/example_dags/example_dynamic_task_mapping.py                                                      1           0  1.13s           2025-03-03T02:18:19
/Users/atulkumar/Documents/MLOperations/MLOps/venv/lib/python3.11/site-packages/airflow/example_dags/example_external_task_marker_dag.py                                                  2           0  2.11s           2025-03-03T02:18:14
/Users/atulkumar/Documents/MLOperations/MLOps/venv/lib/python3.11/site-packages/airflow/example_dags/example_xcomargs.py                                                                  2           0  1.16s           2025-03-03T02:17:55
/Users/atulkumar/Documents/MLOperations/MLOps/venv/lib/python3.11/site-packages/airflow/example_dags/example_branch_datetime_operator.py                                                  3           0  1.29s           2025-03-03T02:16:27
/Users/atulkumar/Documents/MLOperations/MLOps/venv/lib/python3.11/site-packages/airflow/example_dags/example_subdag_operator.py                                                           3           0  0.94s           2025-03-03T02:17:05
/Users/atulkumar/Documents/MLOperations/MLOps/venv/lib/python3.11/site-packages/airflow/example_dags/example_datasets.py                                                                  6           0  1.64s           2025-03-03T02:18:21
================================================================================
[2025-03-02T21:18:57.710-0500] {manager.py:889} INFO - 
================================================================================
DAG File Processing Stats

File Path                                                                                                                                                        PID    Runtime      # DAGs    # Errors  Last Runtime    Last Run
---------------------------------------------------------------------------------------------------------------------------------------------------------------  -----  ---------  --------  ----------  --------------  -------------------
/Users/atulkumar/Documents/MLOperations/MLOps/venv/lib/python3.11/site-packages/airflow/example_dags/example_local_kubernetes_executor.py                                                 0           0  1.00s           2025-03-03T02:17:31
/Users/atulkumar/Documents/MLOperations/MLOps/venv/lib/python3.11/site-packages/airflow/example_dags/tutorial_taskflow_api_virtualenv.py                                                  0           0  0.97s           2025-03-03T02:18:52
/Users/atulkumar/Documents/MLOperations/MLOps/venv/lib/python3.11/site-packages/airflow/example_dags/example_setup_teardown.py                                                            0           0  0.98s           2025-03-03T02:17:16
/Users/atulkumar/Documents/MLOperations/MLOps/venv/lib/python3.11/site-packages/airflow/example_dags/example_kubernetes_executor.py                                                       0           0  1.05s           2025-03-03T02:18:12
/Users/atulkumar/Documents/MLOperations/MLOps/venv/lib/python3.11/site-packages/airflow/example_dags/example_setup_teardown_taskflow.py                                                   0           0  0.94s           2025-03-03T02:17:15
/Users/atulkumar/Documents/MLOperations/MLOps/venv/lib/python3.11/site-packages/airflow/example_dags/plugins/workday.py                                                                   0           0  1.40s           2025-03-03T02:18:46
/Users/atulkumar/Documents/MLOperations/MLOps/venv/lib/python3.11/site-packages/airflow/example_dags/plugins/event_listener.py                                                            0           0  0.88s           2025-03-03T02:18:50
/Users/atulkumar/Documents/MLOperations/MLOps/venv/lib/python3.11/site-packages/airflow/example_dags/plugins/listener_plugin.py                                                           0           0  1.00s           2025-03-03T02:18:48
/Users/atulkumar/Documents/MLOperations/MLOps/venv/lib/python3.11/site-packages/airflow/example_dags/subdags/subdag.py                                                                    0           0  0.92s           2025-03-03T02:18:44
/Users/atulkumar/Documents/MLOperations/MLOps/Data-Pipeline/dags/test_pipeline_dag.py                                                                                                     1           0  0.97s           2025-03-03T02:18:42
/Users/atulkumar/Documents/MLOperations/MLOps/Data-Pipeline/dags/dag_test.py                                                                                                              1           0  1.10s           2025-03-03T02:18:41
/Users/atulkumar/Documents/MLOperations/MLOps/venv/lib/python3.11/site-packages/airflow/example_dags/example_latest_only.py                                                               1           0  1.19s           2025-03-03T02:18:09
/Users/atulkumar/Documents/MLOperations/MLOps/venv/lib/python3.11/site-packages/airflow/example_dags/example_task_group_decorator.py                                                      1           0  1.06s           2025-03-03T02:18:05
/Users/atulkumar/Documents/MLOperations/MLOps/venv/lib/python3.11/site-packages/airflow/example_dags/example_complex.py                                                                   1           0  1.08s           2025-03-03T02:18:25
/Users/atulkumar/Documents/MLOperations/MLOps/venv/lib/python3.11/site-packages/airflow/example_dags/example_python_operator.py                                                           1           0  1.00s           2025-03-03T02:17:21
/Users/atulkumar/Documents/MLOperations/MLOps/venv/lib/python3.11/site-packages/airflow/example_dags/example_params_trigger_ui.py                                                         1           0  1.08s           2025-03-03T02:17:27
/Users/atulkumar/Documents/MLOperations/MLOps/venv/lib/python3.11/site-packages/airflow/example_dags/example_bash_operator.py                                                             1           0  1.04s           2025-03-03T02:18:39
/Users/atulkumar/Documents/MLOperations/MLOps/venv/lib/python3.11/site-packages/airflow/example_dags/example_short_circuit_operator.py                                                    1           0  1.00s           2025-03-03T02:17:12
/Users/atulkumar/Documents/MLOperations/MLOps/venv/lib/python3.11/site-packages/airflow/example_dags/example_branch_operator.py                                                           1           0  0.98s           2025-03-03T02:18:31
/Users/atulkumar/Documents/MLOperations/MLOps/venv/lib/python3.11/site-packages/airflow/example_dags/example_branch_labels.py                                                             1           0  0.96s           2025-03-03T02:18:32
/Users/atulkumar/Documents/MLOperations/MLOps/venv/lib/python3.11/site-packages/airflow/example_dags/tutorial_taskflow_api.py                                                             1           0  0.96s           2025-03-03T02:18:53
/Users/atulkumar/Documents/MLOperations/MLOps/venv/lib/python3.11/site-packages/airflow/example_dags/example_task_group.py                                                                1           0  1.05s           2025-03-03T02:18:07
/Users/atulkumar/Documents/MLOperations/MLOps/venv/lib/python3.11/site-packages/airflow/example_dags/tutorial.py                                                                          1           0  1.08s           2025-03-03T02:18:57
/Users/atulkumar/Documents/MLOperations/MLOps/venv/lib/python3.11/site-packages/airflow/example_dags/example_sla_dag.py                                                                   1           0  1.22s           2025-03-03T02:17:07
/Users/atulkumar/Documents/MLOperations/MLOps/venv/lib/python3.11/site-packages/airflow/example_dags/example_passing_params_via_test_command.py                                           1           0  1.53s           2025-03-03T02:17:24
/Users/atulkumar/Documents/MLOperations/MLOps/venv/lib/python3.11/site-packages/airflow/example_dags/example_latest_only_with_trigger.py                                                  1           0  1.06s           2025-03-03T02:17:33
/Users/atulkumar/Documents/MLOperations/MLOps/venv/lib/python3.11/site-packages/airflow/example_dags/example_time_delta_sensor_async.py                                                   1           0  1.03s           2025-03-03T02:18:03
/Users/atulkumar/Documents/MLOperations/MLOps/venv/lib/python3.11/site-packages/airflow/example_dags/example_dag_decorator.py                                                             1           0  1.16s           2025-03-03T02:18:23
/Users/atulkumar/Documents/MLOperations/MLOps/venv/lib/python3.11/site-packages/airflow/example_dags/example_xcom.py                                                                      1           0  1.03s           2025-03-03T02:17:57
/Users/atulkumar/Documents/MLOperations/MLOps/venv/lib/python3.11/site-packages/airflow/example_dags/example_branch_operator_decorator.py                                                 1           0  0.95s           2025-03-03T02:18:29
/Users/atulkumar/Documents/MLOperations/MLOps/venv/lib/python3.11/site-packages/airflow/example_dags/example_branch_day_of_week_operator.py                                               1           0  0.95s           2025-03-03T02:18:34
/Users/atulkumar/Documents/MLOperations/MLOps/venv/lib/python3.11/site-packages/airflow/example_dags/example_skip_dag.py                                                                  1           0  1.47s           2025-03-03T02:17:10
/Users/atulkumar/Documents/MLOperations/MLOps/venv/lib/python3.11/site-packages/airflow/example_dags/example_short_circuit_decorator.py                                                   1           0  0.97s           2025-03-03T02:17:13
/Users/atulkumar/Documents/MLOperations/MLOps/venv/lib/python3.11/site-packages/airflow/example_dags/tutorial_dag.py                                                                      1           0  1.02s           2025-03-03T02:18:55
/Users/atulkumar/Documents/MLOperations/MLOps/venv/lib/python3.11/site-packages/airflow/example_dags/example_trigger_target_dag.py                                                        1           0  1.04s           2025-03-03T02:17:59
/Users/atulkumar/Documents/MLOperations/MLOps/venv/lib/python3.11/site-packages/airflow/example_dags/example_sensor_decorator.py                                                          1           0  0.96s           2025-03-03T02:17:19
/Users/atulkumar/Documents/MLOperations/MLOps/venv/lib/python3.11/site-packages/airflow/example_dags/example_branch_python_dop_operator_3.py                                              1           0  1.01s           2025-03-03T02:18:27
/Users/atulkumar/Documents/MLOperations/MLOps/venv/lib/python3.11/site-packages/airflow/example_dags/example_sensors.py                                                                   1           0  1.01s           2025-03-03T02:17:18
/Users/atulkumar/Documents/MLOperations/MLOps/venv/lib/python3.11/site-packages/airflow/example_dags/example_nested_branch_dag.py                                                         1           0  1.05s           2025-03-03T02:17:29
/Users/atulkumar/Documents/MLOperations/MLOps/venv/lib/python3.11/site-packages/airflow/example_dags/example_dynamic_task_mapping_with_no_taskflow_operators.py                           1           0  1.08s           2025-03-03T02:18:16
/Users/atulkumar/Documents/MLOperations/MLOps/venv/lib/python3.11/site-packages/airflow/example_dags/example_trigger_controller_dag.py                                                    1           0  1.00s           2025-03-03T02:18:01
/Users/atulkumar/Documents/MLOperations/MLOps/venv/lib/python3.11/site-packages/airflow/example_dags/example_params_ui_tutorial.py                                                        1           0  1.10s           2025-03-03T02:17:25
/Users/atulkumar/Documents/MLOperations/MLOps/venv/lib/python3.11/site-packages/airflow/example_dags/example_dynamic_task_mapping.py                                                      1           0  1.13s           2025-03-03T02:18:19
/Users/atulkumar/Documents/MLOperations/MLOps/venv/lib/python3.11/site-packages/airflow/example_dags/example_external_task_marker_dag.py                                                  2           0  2.11s           2025-03-03T02:18:14
/Users/atulkumar/Documents/MLOperations/MLOps/venv/lib/python3.11/site-packages/airflow/example_dags/example_xcomargs.py                                                                  2           0  1.16s           2025-03-03T02:17:55
/Users/atulkumar/Documents/MLOperations/MLOps/venv/lib/python3.11/site-packages/airflow/example_dags/example_branch_datetime_operator.py                                                  3           0  1.18s           2025-03-03T02:18:37
/Users/atulkumar/Documents/MLOperations/MLOps/venv/lib/python3.11/site-packages/airflow/example_dags/example_subdag_operator.py                                                           3           0  0.94s           2025-03-03T02:17:05
/Users/atulkumar/Documents/MLOperations/MLOps/venv/lib/python3.11/site-packages/airflow/example_dags/example_datasets.py                                                                  6           0  1.64s           2025-03-03T02:18:21
================================================================================
[2025-03-02T21:19:28.013-0500] {manager.py:889} INFO - 
================================================================================
DAG File Processing Stats

File Path                                                                                                                                                        PID    Runtime      # DAGs    # Errors  Last Runtime    Last Run
---------------------------------------------------------------------------------------------------------------------------------------------------------------  -----  ---------  --------  ----------  --------------  -------------------
/Users/atulkumar/Documents/MLOperations/MLOps/venv/lib/python3.11/site-packages/airflow/example_dags/example_local_kubernetes_executor.py                                                 0           0  1.00s           2025-03-03T02:17:31
/Users/atulkumar/Documents/MLOperations/MLOps/venv/lib/python3.11/site-packages/airflow/example_dags/tutorial_taskflow_api_virtualenv.py                                                  0           0  0.97s           2025-03-03T02:18:52
/Users/atulkumar/Documents/MLOperations/MLOps/venv/lib/python3.11/site-packages/airflow/example_dags/example_setup_teardown.py                                                            0           0  0.99s           2025-03-03T02:19:24
/Users/atulkumar/Documents/MLOperations/MLOps/venv/lib/python3.11/site-packages/airflow/example_dags/example_kubernetes_executor.py                                                       0           0  1.05s           2025-03-03T02:18:12
/Users/atulkumar/Documents/MLOperations/MLOps/venv/lib/python3.11/site-packages/airflow/example_dags/example_setup_teardown_taskflow.py                                                   0           0  1.00s           2025-03-03T02:19:22
/Users/atulkumar/Documents/MLOperations/MLOps/venv/lib/python3.11/site-packages/airflow/example_dags/plugins/workday.py                                                                   0           0  1.40s           2025-03-03T02:18:46
/Users/atulkumar/Documents/MLOperations/MLOps/venv/lib/python3.11/site-packages/airflow/example_dags/plugins/event_listener.py                                                            0           0  0.88s           2025-03-03T02:18:50
/Users/atulkumar/Documents/MLOperations/MLOps/venv/lib/python3.11/site-packages/airflow/example_dags/plugins/listener_plugin.py                                                           0           0  1.00s           2025-03-03T02:18:48
/Users/atulkumar/Documents/MLOperations/MLOps/venv/lib/python3.11/site-packages/airflow/example_dags/subdags/subdag.py                                                                    0           0  0.92s           2025-03-03T02:18:44
/Users/atulkumar/Documents/MLOperations/MLOps/Data-Pipeline/dags/test_pipeline_dag.py                                                                                                     1           0  0.97s           2025-03-03T02:18:42
/Users/atulkumar/Documents/MLOperations/MLOps/Data-Pipeline/dags/dag_test.py                                                                                                              1           0  1.10s           2025-03-03T02:18:41
/Users/atulkumar/Documents/MLOperations/MLOps/venv/lib/python3.11/site-packages/airflow/example_dags/example_latest_only.py                                                               1           0  1.19s           2025-03-03T02:18:09
/Users/atulkumar/Documents/MLOperations/MLOps/venv/lib/python3.11/site-packages/airflow/example_dags/example_task_group_decorator.py                                                      1           0  1.06s           2025-03-03T02:19:09
/Users/atulkumar/Documents/MLOperations/MLOps/venv/lib/python3.11/site-packages/airflow/example_dags/example_complex.py                                                                   1           0  1.08s           2025-03-03T02:18:25
/Users/atulkumar/Documents/MLOperations/MLOps/venv/lib/python3.11/site-packages/airflow/example_dags/example_python_operator.py                                                           1           0  1.00s           2025-03-03T02:17:21
/Users/atulkumar/Documents/MLOperations/MLOps/venv/lib/python3.11/site-packages/airflow/example_dags/example_params_trigger_ui.py                                                         1           0  1.08s           2025-03-03T02:17:27
/Users/atulkumar/Documents/MLOperations/MLOps/venv/lib/python3.11/site-packages/airflow/example_dags/example_bash_operator.py                                                             1           0  1.04s           2025-03-03T02:18:39
/Users/atulkumar/Documents/MLOperations/MLOps/venv/lib/python3.11/site-packages/airflow/example_dags/example_short_circuit_operator.py                                                    1           0  0.94s           2025-03-03T02:19:18
/Users/atulkumar/Documents/MLOperations/MLOps/venv/lib/python3.11/site-packages/airflow/example_dags/example_branch_operator.py                                                           1           0  0.98s           2025-03-03T02:18:31
/Users/atulkumar/Documents/MLOperations/MLOps/venv/lib/python3.11/site-packages/airflow/example_dags/example_branch_labels.py                                                             1           0  0.96s           2025-03-03T02:18:32
/Users/atulkumar/Documents/MLOperations/MLOps/venv/lib/python3.11/site-packages/airflow/example_dags/tutorial_taskflow_api.py                                                             1           0  0.96s           2025-03-03T02:18:53
/Users/atulkumar/Documents/MLOperations/MLOps/venv/lib/python3.11/site-packages/airflow/example_dags/example_task_group.py                                                                1           0  0.97s           2025-03-03T02:19:11
/Users/atulkumar/Documents/MLOperations/MLOps/venv/lib/python3.11/site-packages/airflow/example_dags/tutorial.py                                                                          1           0  1.08s           2025-03-03T02:18:57
/Users/atulkumar/Documents/MLOperations/MLOps/venv/lib/python3.11/site-packages/airflow/example_dags/example_sla_dag.py                                                                   1           0  0.98s           2025-03-03T02:19:14
/Users/atulkumar/Documents/MLOperations/MLOps/venv/lib/python3.11/site-packages/airflow/example_dags/example_passing_params_via_test_command.py                                           1           0  1.53s           2025-03-03T02:17:24
/Users/atulkumar/Documents/MLOperations/MLOps/venv/lib/python3.11/site-packages/airflow/example_dags/example_latest_only_with_trigger.py                                                  1           0  1.06s           2025-03-03T02:17:33
/Users/atulkumar/Documents/MLOperations/MLOps/venv/lib/python3.11/site-packages/airflow/example_dags/example_time_delta_sensor_async.py                                                   1           0  1.01s           2025-03-03T02:19:07
/Users/atulkumar/Documents/MLOperations/MLOps/venv/lib/python3.11/site-packages/airflow/example_dags/example_dag_decorator.py                                                             1           0  1.16s           2025-03-03T02:18:23
/Users/atulkumar/Documents/MLOperations/MLOps/venv/lib/python3.11/site-packages/airflow/example_dags/example_xcom.py                                                                      1           0  1.03s           2025-03-03T02:19:01
/Users/atulkumar/Documents/MLOperations/MLOps/venv/lib/python3.11/site-packages/airflow/example_dags/example_branch_operator_decorator.py                                                 1           0  0.95s           2025-03-03T02:18:29
/Users/atulkumar/Documents/MLOperations/MLOps/venv/lib/python3.11/site-packages/airflow/example_dags/example_branch_day_of_week_operator.py                                               1           0  0.95s           2025-03-03T02:18:34
/Users/atulkumar/Documents/MLOperations/MLOps/venv/lib/python3.11/site-packages/airflow/example_dags/example_skip_dag.py                                                                  1           0  0.95s           2025-03-03T02:19:16
/Users/atulkumar/Documents/MLOperations/MLOps/venv/lib/python3.11/site-packages/airflow/example_dags/example_short_circuit_decorator.py                                                   1           0  0.93s           2025-03-03T02:19:20
/Users/atulkumar/Documents/MLOperations/MLOps/venv/lib/python3.11/site-packages/airflow/example_dags/tutorial_dag.py                                                                      1           0  1.02s           2025-03-03T02:18:55
/Users/atulkumar/Documents/MLOperations/MLOps/venv/lib/python3.11/site-packages/airflow/example_dags/example_trigger_target_dag.py                                                        1           0  1.04s           2025-03-03T02:19:03
/Users/atulkumar/Documents/MLOperations/MLOps/venv/lib/python3.11/site-packages/airflow/example_dags/example_sensor_decorator.py                                                          1           0  1.19s           2025-03-03T02:19:28
/Users/atulkumar/Documents/MLOperations/MLOps/venv/lib/python3.11/site-packages/airflow/example_dags/example_branch_python_dop_operator_3.py                                              1           0  1.01s           2025-03-03T02:18:27
/Users/atulkumar/Documents/MLOperations/MLOps/venv/lib/python3.11/site-packages/airflow/example_dags/example_sensors.py                                                                   1           0  1.03s           2025-03-03T02:19:25
/Users/atulkumar/Documents/MLOperations/MLOps/venv/lib/python3.11/site-packages/airflow/example_dags/example_nested_branch_dag.py                                                         1           0  1.05s           2025-03-03T02:17:29
/Users/atulkumar/Documents/MLOperations/MLOps/venv/lib/python3.11/site-packages/airflow/example_dags/example_dynamic_task_mapping_with_no_taskflow_operators.py                           1           0  1.08s           2025-03-03T02:18:16
/Users/atulkumar/Documents/MLOperations/MLOps/venv/lib/python3.11/site-packages/airflow/example_dags/example_trigger_controller_dag.py                                                    1           0  0.98s           2025-03-03T02:19:04
/Users/atulkumar/Documents/MLOperations/MLOps/venv/lib/python3.11/site-packages/airflow/example_dags/example_params_ui_tutorial.py                                                        1           0  1.10s           2025-03-03T02:17:25
/Users/atulkumar/Documents/MLOperations/MLOps/venv/lib/python3.11/site-packages/airflow/example_dags/example_dynamic_task_mapping.py                                                      1           0  1.13s           2025-03-03T02:18:19
/Users/atulkumar/Documents/MLOperations/MLOps/venv/lib/python3.11/site-packages/airflow/example_dags/example_external_task_marker_dag.py                                                  2           0  2.11s           2025-03-03T02:18:14
/Users/atulkumar/Documents/MLOperations/MLOps/venv/lib/python3.11/site-packages/airflow/example_dags/example_xcomargs.py                                                                  2           0  1.16s           2025-03-03T02:18:59
/Users/atulkumar/Documents/MLOperations/MLOps/venv/lib/python3.11/site-packages/airflow/example_dags/example_branch_datetime_operator.py                                                  3           0  1.18s           2025-03-03T02:18:37
/Users/atulkumar/Documents/MLOperations/MLOps/venv/lib/python3.11/site-packages/airflow/example_dags/example_subdag_operator.py                                                           3           0  0.91s           2025-03-03T02:19:12
/Users/atulkumar/Documents/MLOperations/MLOps/venv/lib/python3.11/site-packages/airflow/example_dags/example_datasets.py                                                                  6           0  1.64s           2025-03-03T02:18:21
================================================================================
[2025-03-02T21:19:59.723-0500] {manager.py:889} INFO - 
================================================================================
DAG File Processing Stats

File Path                                                                                                                                                        PID    Runtime      # DAGs    # Errors  Last Runtime    Last Run
---------------------------------------------------------------------------------------------------------------------------------------------------------------  -----  ---------  --------  ----------  --------------  -------------------
/Users/atulkumar/Documents/MLOperations/MLOps/venv/lib/python3.11/site-packages/airflow/example_dags/example_local_kubernetes_executor.py                                                 0           0  1.00s           2025-03-03T02:19:40
/Users/atulkumar/Documents/MLOperations/MLOps/venv/lib/python3.11/site-packages/airflow/example_dags/tutorial_taskflow_api_virtualenv.py                                                  0           0  0.98s           2025-03-03T02:19:57
/Users/atulkumar/Documents/MLOperations/MLOps/venv/lib/python3.11/site-packages/airflow/example_dags/example_setup_teardown.py                                                            0           0  0.99s           2025-03-03T02:19:24
/Users/atulkumar/Documents/MLOperations/MLOps/venv/lib/python3.11/site-packages/airflow/example_dags/example_kubernetes_executor.py                                                       0           0  1.05s           2025-03-03T02:18:12
/Users/atulkumar/Documents/MLOperations/MLOps/venv/lib/python3.11/site-packages/airflow/example_dags/example_setup_teardown_taskflow.py                                                   0           0  1.00s           2025-03-03T02:19:22
/Users/atulkumar/Documents/MLOperations/MLOps/venv/lib/python3.11/site-packages/airflow/example_dags/plugins/workday.py                                                                   0           0  1.37s           2025-03-03T02:19:52
/Users/atulkumar/Documents/MLOperations/MLOps/venv/lib/python3.11/site-packages/airflow/example_dags/plugins/event_listener.py                                                            0           0  1.05s           2025-03-03T02:19:56
/Users/atulkumar/Documents/MLOperations/MLOps/venv/lib/python3.11/site-packages/airflow/example_dags/plugins/listener_plugin.py                                                           0           0  0.98s           2025-03-03T02:19:54
/Users/atulkumar/Documents/MLOperations/MLOps/venv/lib/python3.11/site-packages/airflow/example_dags/subdags/subdag.py                                                                    0           0  0.96s           2025-03-03T02:19:50
/Users/atulkumar/Documents/MLOperations/MLOps/Data-Pipeline/dags/test_pipeline_dag.py                                                                                                     1           0  1.12s           2025-03-03T02:19:48
/Users/atulkumar/Documents/MLOperations/MLOps/Data-Pipeline/dags/dag_test.py                                                                                                              1           0  1.06s           2025-03-03T02:19:46
/Users/atulkumar/Documents/MLOperations/MLOps/venv/lib/python3.11/site-packages/airflow/example_dags/example_latest_only.py                                                               1           0  1.24s           2025-03-03T02:19:44
/Users/atulkumar/Documents/MLOperations/MLOps/venv/lib/python3.11/site-packages/airflow/example_dags/example_task_group_decorator.py                                                      1           0  1.06s           2025-03-03T02:19:09
/Users/atulkumar/Documents/MLOperations/MLOps/venv/lib/python3.11/site-packages/airflow/example_dags/example_complex.py                                                                   1           0  1.08s           2025-03-03T02:18:25
/Users/atulkumar/Documents/MLOperations/MLOps/venv/lib/python3.11/site-packages/airflow/example_dags/example_python_operator.py                                                           1           0  1.04s           2025-03-03T02:19:30
/Users/atulkumar/Documents/MLOperations/MLOps/venv/lib/python3.11/site-packages/airflow/example_dags/example_params_trigger_ui.py                                                         1           0  1.05s           2025-03-03T02:19:36
/Users/atulkumar/Documents/MLOperations/MLOps/venv/lib/python3.11/site-packages/airflow/example_dags/example_bash_operator.py                                                             1           0  1.04s           2025-03-03T02:18:39
/Users/atulkumar/Documents/MLOperations/MLOps/venv/lib/python3.11/site-packages/airflow/example_dags/example_short_circuit_operator.py                                                    1           0  0.94s           2025-03-03T02:19:18
/Users/atulkumar/Documents/MLOperations/MLOps/venv/lib/python3.11/site-packages/airflow/example_dags/example_branch_operator.py                                                           1           0  0.98s           2025-03-03T02:18:31
/Users/atulkumar/Documents/MLOperations/MLOps/venv/lib/python3.11/site-packages/airflow/example_dags/example_branch_labels.py                                                             1           0  0.96s           2025-03-03T02:18:32
/Users/atulkumar/Documents/MLOperations/MLOps/venv/lib/python3.11/site-packages/airflow/example_dags/tutorial_taskflow_api.py                                                             1           0  1.01s           2025-03-03T02:19:59
/Users/atulkumar/Documents/MLOperations/MLOps/venv/lib/python3.11/site-packages/airflow/example_dags/example_task_group.py                                                                1           0  0.97s           2025-03-03T02:19:11
/Users/atulkumar/Documents/MLOperations/MLOps/venv/lib/python3.11/site-packages/airflow/example_dags/tutorial.py                                                                          1           0  1.08s           2025-03-03T02:18:57
/Users/atulkumar/Documents/MLOperations/MLOps/venv/lib/python3.11/site-packages/airflow/example_dags/example_sla_dag.py                                                                   1           0  0.98s           2025-03-03T02:19:14
/Users/atulkumar/Documents/MLOperations/MLOps/venv/lib/python3.11/site-packages/airflow/example_dags/example_passing_params_via_test_command.py                                           1           0  1.08s           2025-03-03T02:19:32
/Users/atulkumar/Documents/MLOperations/MLOps/venv/lib/python3.11/site-packages/airflow/example_dags/example_latest_only_with_trigger.py                                                  1           0  1.08s           2025-03-03T02:19:42
/Users/atulkumar/Documents/MLOperations/MLOps/venv/lib/python3.11/site-packages/airflow/example_dags/example_time_delta_sensor_async.py                                                   1           0  1.01s           2025-03-03T02:19:07
/Users/atulkumar/Documents/MLOperations/MLOps/venv/lib/python3.11/site-packages/airflow/example_dags/example_dag_decorator.py                                                             1           0  1.16s           2025-03-03T02:18:23
/Users/atulkumar/Documents/MLOperations/MLOps/venv/lib/python3.11/site-packages/airflow/example_dags/example_xcom.py                                                                      1           0  1.03s           2025-03-03T02:19:01
/Users/atulkumar/Documents/MLOperations/MLOps/venv/lib/python3.11/site-packages/airflow/example_dags/example_branch_operator_decorator.py                                                 1           0  0.95s           2025-03-03T02:18:29
/Users/atulkumar/Documents/MLOperations/MLOps/venv/lib/python3.11/site-packages/airflow/example_dags/example_branch_day_of_week_operator.py                                               1           0  0.95s           2025-03-03T02:18:34
/Users/atulkumar/Documents/MLOperations/MLOps/venv/lib/python3.11/site-packages/airflow/example_dags/example_skip_dag.py                                                                  1           0  0.95s           2025-03-03T02:19:16
/Users/atulkumar/Documents/MLOperations/MLOps/venv/lib/python3.11/site-packages/airflow/example_dags/example_short_circuit_decorator.py                                                   1           0  0.93s           2025-03-03T02:19:20
/Users/atulkumar/Documents/MLOperations/MLOps/venv/lib/python3.11/site-packages/airflow/example_dags/tutorial_dag.py                                                                      1           0  1.02s           2025-03-03T02:18:55
/Users/atulkumar/Documents/MLOperations/MLOps/venv/lib/python3.11/site-packages/airflow/example_dags/example_trigger_target_dag.py                                                        1           0  1.04s           2025-03-03T02:19:03
/Users/atulkumar/Documents/MLOperations/MLOps/venv/lib/python3.11/site-packages/airflow/example_dags/example_sensor_decorator.py                                                          1           0  1.19s           2025-03-03T02:19:28
/Users/atulkumar/Documents/MLOperations/MLOps/venv/lib/python3.11/site-packages/airflow/example_dags/example_branch_python_dop_operator_3.py                                              1           0  1.01s           2025-03-03T02:18:27
/Users/atulkumar/Documents/MLOperations/MLOps/venv/lib/python3.11/site-packages/airflow/example_dags/example_sensors.py                                                                   1           0  1.03s           2025-03-03T02:19:25
/Users/atulkumar/Documents/MLOperations/MLOps/venv/lib/python3.11/site-packages/airflow/example_dags/example_nested_branch_dag.py                                                         1           0  1.01s           2025-03-03T02:19:38
/Users/atulkumar/Documents/MLOperations/MLOps/venv/lib/python3.11/site-packages/airflow/example_dags/example_dynamic_task_mapping_with_no_taskflow_operators.py                           1           0  1.08s           2025-03-03T02:18:16
/Users/atulkumar/Documents/MLOperations/MLOps/venv/lib/python3.11/site-packages/airflow/example_dags/example_trigger_controller_dag.py                                                    1           0  0.98s           2025-03-03T02:19:04
/Users/atulkumar/Documents/MLOperations/MLOps/venv/lib/python3.11/site-packages/airflow/example_dags/example_params_ui_tutorial.py                                                        1           0  1.13s           2025-03-03T02:19:34
/Users/atulkumar/Documents/MLOperations/MLOps/venv/lib/python3.11/site-packages/airflow/example_dags/example_dynamic_task_mapping.py                                                      1           0  1.13s           2025-03-03T02:18:19
/Users/atulkumar/Documents/MLOperations/MLOps/venv/lib/python3.11/site-packages/airflow/example_dags/example_external_task_marker_dag.py                                                  2           0  2.11s           2025-03-03T02:18:14
/Users/atulkumar/Documents/MLOperations/MLOps/venv/lib/python3.11/site-packages/airflow/example_dags/example_xcomargs.py                                                                  2           0  1.16s           2025-03-03T02:18:59
/Users/atulkumar/Documents/MLOperations/MLOps/venv/lib/python3.11/site-packages/airflow/example_dags/example_branch_datetime_operator.py                                                  3           0  1.18s           2025-03-03T02:18:37
/Users/atulkumar/Documents/MLOperations/MLOps/venv/lib/python3.11/site-packages/airflow/example_dags/example_subdag_operator.py                                                           3           0  0.91s           2025-03-03T02:19:12
/Users/atulkumar/Documents/MLOperations/MLOps/venv/lib/python3.11/site-packages/airflow/example_dags/example_datasets.py                                                                  6           0  1.64s           2025-03-03T02:18:21
================================================================================
[2025-03-02T21:20:29.943-0500] {manager.py:889} INFO - 
================================================================================
DAG File Processing Stats

File Path                                                                                                                                                        PID    Runtime      # DAGs    # Errors  Last Runtime    Last Run
---------------------------------------------------------------------------------------------------------------------------------------------------------------  -----  ---------  --------  ----------  --------------  -------------------
/Users/atulkumar/Documents/MLOperations/MLOps/venv/lib/python3.11/site-packages/airflow/example_dags/example_local_kubernetes_executor.py                                                 0           0  1.00s           2025-03-03T02:19:40
/Users/atulkumar/Documents/MLOperations/MLOps/venv/lib/python3.11/site-packages/airflow/example_dags/tutorial_taskflow_api_virtualenv.py                                                  0           0  0.98s           2025-03-03T02:19:57
/Users/atulkumar/Documents/MLOperations/MLOps/venv/lib/python3.11/site-packages/airflow/example_dags/example_setup_teardown.py                                                            0           0  0.99s           2025-03-03T02:19:24
/Users/atulkumar/Documents/MLOperations/MLOps/venv/lib/python3.11/site-packages/airflow/example_dags/example_kubernetes_executor.py                                                       0           0  0.93s           2025-03-03T02:20:23
/Users/atulkumar/Documents/MLOperations/MLOps/venv/lib/python3.11/site-packages/airflow/example_dags/example_setup_teardown_taskflow.py                                                   0           0  1.00s           2025-03-03T02:19:22
/Users/atulkumar/Documents/MLOperations/MLOps/venv/lib/python3.11/site-packages/airflow/example_dags/plugins/workday.py                                                                   0           0  1.37s           2025-03-03T02:19:52
/Users/atulkumar/Documents/MLOperations/MLOps/venv/lib/python3.11/site-packages/airflow/example_dags/plugins/event_listener.py                                                            0           0  1.05s           2025-03-03T02:19:56
/Users/atulkumar/Documents/MLOperations/MLOps/venv/lib/python3.11/site-packages/airflow/example_dags/plugins/listener_plugin.py                                                           0           0  0.98s           2025-03-03T02:19:54
/Users/atulkumar/Documents/MLOperations/MLOps/venv/lib/python3.11/site-packages/airflow/example_dags/subdags/subdag.py                                                                    0           0  0.96s           2025-03-03T02:19:50
/Users/atulkumar/Documents/MLOperations/MLOps/Data-Pipeline/dags/test_pipeline_dag.py                                                                                                     1           0  1.12s           2025-03-03T02:19:48
/Users/atulkumar/Documents/MLOperations/MLOps/Data-Pipeline/dags/dag_test.py                                                                                                              1           0  1.06s           2025-03-03T02:19:46
/Users/atulkumar/Documents/MLOperations/MLOps/venv/lib/python3.11/site-packages/airflow/example_dags/example_latest_only.py                                                               1           0  1.24s           2025-03-03T02:19:44
/Users/atulkumar/Documents/MLOperations/MLOps/venv/lib/python3.11/site-packages/airflow/example_dags/example_task_group_decorator.py                                                      1           0  1.01s           2025-03-03T02:20:16
/Users/atulkumar/Documents/MLOperations/MLOps/venv/lib/python3.11/site-packages/airflow/example_dags/example_complex.py                                                                   1           0  1.08s           2025-03-03T02:18:25
/Users/atulkumar/Documents/MLOperations/MLOps/venv/lib/python3.11/site-packages/airflow/example_dags/example_python_operator.py                                                           1           0  1.04s           2025-03-03T02:19:30
/Users/atulkumar/Documents/MLOperations/MLOps/venv/lib/python3.11/site-packages/airflow/example_dags/example_params_trigger_ui.py                                                         1           0  1.05s           2025-03-03T02:19:36
/Users/atulkumar/Documents/MLOperations/MLOps/venv/lib/python3.11/site-packages/airflow/example_dags/example_bash_operator.py                                                             1           0  1.04s           2025-03-03T02:18:39
/Users/atulkumar/Documents/MLOperations/MLOps/venv/lib/python3.11/site-packages/airflow/example_dags/example_short_circuit_operator.py                                                    1           0  0.94s           2025-03-03T02:19:18
/Users/atulkumar/Documents/MLOperations/MLOps/venv/lib/python3.11/site-packages/airflow/example_dags/example_branch_operator.py                                                           1           0  0.98s           2025-03-03T02:18:31
/Users/atulkumar/Documents/MLOperations/MLOps/venv/lib/python3.11/site-packages/airflow/example_dags/example_branch_labels.py                                                             1           0  0.96s           2025-03-03T02:18:32
/Users/atulkumar/Documents/MLOperations/MLOps/venv/lib/python3.11/site-packages/airflow/example_dags/tutorial_taskflow_api.py                                                             1           0  1.01s           2025-03-03T02:19:59
/Users/atulkumar/Documents/MLOperations/MLOps/venv/lib/python3.11/site-packages/airflow/example_dags/example_task_group.py                                                                1           0  1.04s           2025-03-03T02:20:18
/Users/atulkumar/Documents/MLOperations/MLOps/venv/lib/python3.11/site-packages/airflow/example_dags/tutorial.py                                                                          1           0  1.07s           2025-03-03T02:20:03
/Users/atulkumar/Documents/MLOperations/MLOps/venv/lib/python3.11/site-packages/airflow/example_dags/example_sla_dag.py                                                                   1           0  0.96s           2025-03-03T02:20:21
/Users/atulkumar/Documents/MLOperations/MLOps/venv/lib/python3.11/site-packages/airflow/example_dags/example_passing_params_via_test_command.py                                           1           0  1.08s           2025-03-03T02:19:32
/Users/atulkumar/Documents/MLOperations/MLOps/venv/lib/python3.11/site-packages/airflow/example_dags/example_latest_only_with_trigger.py                                                  1           0  1.08s           2025-03-03T02:19:42
/Users/atulkumar/Documents/MLOperations/MLOps/venv/lib/python3.11/site-packages/airflow/example_dags/example_time_delta_sensor_async.py                                                   1           0  1.00s           2025-03-03T02:20:13
/Users/atulkumar/Documents/MLOperations/MLOps/venv/lib/python3.11/site-packages/airflow/example_dags/example_dag_decorator.py                                                             1           0  1.16s           2025-03-03T02:18:23
/Users/atulkumar/Documents/MLOperations/MLOps/venv/lib/python3.11/site-packages/airflow/example_dags/example_xcom.py                                                                      1           0  1.05s           2025-03-03T02:20:07
/Users/atulkumar/Documents/MLOperations/MLOps/venv/lib/python3.11/site-packages/airflow/example_dags/example_branch_operator_decorator.py                                                 1           0  0.95s           2025-03-03T02:18:29
/Users/atulkumar/Documents/MLOperations/MLOps/venv/lib/python3.11/site-packages/airflow/example_dags/example_branch_day_of_week_operator.py                                               1           0  0.95s           2025-03-03T02:18:34
/Users/atulkumar/Documents/MLOperations/MLOps/venv/lib/python3.11/site-packages/airflow/example_dags/example_skip_dag.py                                                                  1           0  0.95s           2025-03-03T02:19:16
/Users/atulkumar/Documents/MLOperations/MLOps/venv/lib/python3.11/site-packages/airflow/example_dags/example_short_circuit_decorator.py                                                   1           0  0.93s           2025-03-03T02:19:20
/Users/atulkumar/Documents/MLOperations/MLOps/venv/lib/python3.11/site-packages/airflow/example_dags/tutorial_dag.py                                                                      1           0  0.99s           2025-03-03T02:20:01
/Users/atulkumar/Documents/MLOperations/MLOps/venv/lib/python3.11/site-packages/airflow/example_dags/example_trigger_target_dag.py                                                        1           0  1.03s           2025-03-03T02:20:09
/Users/atulkumar/Documents/MLOperations/MLOps/venv/lib/python3.11/site-packages/airflow/example_dags/example_sensor_decorator.py                                                          1           0  1.19s           2025-03-03T02:19:28
/Users/atulkumar/Documents/MLOperations/MLOps/venv/lib/python3.11/site-packages/airflow/example_dags/example_branch_python_dop_operator_3.py                                              1           0  1.01s           2025-03-03T02:18:27
/Users/atulkumar/Documents/MLOperations/MLOps/venv/lib/python3.11/site-packages/airflow/example_dags/example_sensors.py                                                                   1           0  1.03s           2025-03-03T02:19:25
/Users/atulkumar/Documents/MLOperations/MLOps/venv/lib/python3.11/site-packages/airflow/example_dags/example_nested_branch_dag.py                                                         1           0  1.01s           2025-03-03T02:19:38
/Users/atulkumar/Documents/MLOperations/MLOps/venv/lib/python3.11/site-packages/airflow/example_dags/example_dynamic_task_mapping_with_no_taskflow_operators.py                           1           0  1.26s           2025-03-03T02:20:28
/Users/atulkumar/Documents/MLOperations/MLOps/venv/lib/python3.11/site-packages/airflow/example_dags/example_trigger_controller_dag.py                                                    1           0  1.11s           2025-03-03T02:20:11
/Users/atulkumar/Documents/MLOperations/MLOps/venv/lib/python3.11/site-packages/airflow/example_dags/example_params_ui_tutorial.py                                                        1           0  1.13s           2025-03-03T02:19:34
/Users/atulkumar/Documents/MLOperations/MLOps/venv/lib/python3.11/site-packages/airflow/example_dags/example_dynamic_task_mapping.py                                                      1           0  1.05s           2025-03-03T02:20:29
/Users/atulkumar/Documents/MLOperations/MLOps/venv/lib/python3.11/site-packages/airflow/example_dags/example_external_task_marker_dag.py                                                  2           0  1.01s           2025-03-03T02:20:25
/Users/atulkumar/Documents/MLOperations/MLOps/venv/lib/python3.11/site-packages/airflow/example_dags/example_xcomargs.py                                                                  2           0  1.06s           2025-03-03T02:20:05
/Users/atulkumar/Documents/MLOperations/MLOps/venv/lib/python3.11/site-packages/airflow/example_dags/example_branch_datetime_operator.py                                                  3           0  1.18s           2025-03-03T02:18:37
/Users/atulkumar/Documents/MLOperations/MLOps/venv/lib/python3.11/site-packages/airflow/example_dags/example_subdag_operator.py                                                           3           0  0.95s           2025-03-03T02:20:20
/Users/atulkumar/Documents/MLOperations/MLOps/venv/lib/python3.11/site-packages/airflow/example_dags/example_datasets.py                                                                  6           0  1.64s           2025-03-03T02:18:21
================================================================================
[2025-03-02T21:21:00.151-0500] {manager.py:889} INFO - 
================================================================================
DAG File Processing Stats

File Path                                                                                                                                                        PID    Runtime      # DAGs    # Errors  Last Runtime    Last Run
---------------------------------------------------------------------------------------------------------------------------------------------------------------  -----  ---------  --------  ----------  --------------  -------------------
/Users/atulkumar/Documents/MLOperations/MLOps/venv/lib/python3.11/site-packages/airflow/example_dags/example_local_kubernetes_executor.py                                                 0           0  1.00s           2025-03-03T02:19:40
/Users/atulkumar/Documents/MLOperations/MLOps/venv/lib/python3.11/site-packages/airflow/example_dags/tutorial_taskflow_api_virtualenv.py                                                  0           0  0.98s           2025-03-03T02:19:57
/Users/atulkumar/Documents/MLOperations/MLOps/venv/lib/python3.11/site-packages/airflow/example_dags/example_setup_teardown.py                                                            0           0  0.99s           2025-03-03T02:19:24
/Users/atulkumar/Documents/MLOperations/MLOps/venv/lib/python3.11/site-packages/airflow/example_dags/example_kubernetes_executor.py                                                       0           0  0.93s           2025-03-03T02:20:23
/Users/atulkumar/Documents/MLOperations/MLOps/venv/lib/python3.11/site-packages/airflow/example_dags/example_setup_teardown_taskflow.py                                                   0           0  1.00s           2025-03-03T02:19:22
/Users/atulkumar/Documents/MLOperations/MLOps/venv/lib/python3.11/site-packages/airflow/example_dags/plugins/workday.py                                                                   0           0  1.56s           2025-03-03T02:20:58
/Users/atulkumar/Documents/MLOperations/MLOps/venv/lib/python3.11/site-packages/airflow/example_dags/plugins/event_listener.py                                                            0           0  1.05s           2025-03-03T02:19:56
/Users/atulkumar/Documents/MLOperations/MLOps/venv/lib/python3.11/site-packages/airflow/example_dags/plugins/listener_plugin.py                                                           0           0  1.03s           2025-03-03T02:21:00
/Users/atulkumar/Documents/MLOperations/MLOps/venv/lib/python3.11/site-packages/airflow/example_dags/subdags/subdag.py                                                                    0           0  1.22s           2025-03-03T02:20:56
/Users/atulkumar/Documents/MLOperations/MLOps/Data-Pipeline/dags/test_pipeline_dag.py                                                                                                     1           0  1.25s           2025-03-03T02:20:54
/Users/atulkumar/Documents/MLOperations/MLOps/Data-Pipeline/dags/dag_test.py                                                                                                              1           0  1.42s           2025-03-03T02:20:51
/Users/atulkumar/Documents/MLOperations/MLOps/venv/lib/python3.11/site-packages/airflow/example_dags/example_latest_only.py                                                               1           0  1.24s           2025-03-03T02:19:44
/Users/atulkumar/Documents/MLOperations/MLOps/venv/lib/python3.11/site-packages/airflow/example_dags/example_task_group_decorator.py                                                      1           0  1.01s           2025-03-03T02:20:16
/Users/atulkumar/Documents/MLOperations/MLOps/venv/lib/python3.11/site-packages/airflow/example_dags/example_complex.py                                                                   1           0  1.12s           2025-03-03T02:20:36
/Users/atulkumar/Documents/MLOperations/MLOps/venv/lib/python3.11/site-packages/airflow/example_dags/example_python_operator.py                                                           1           0  1.04s           2025-03-03T02:19:30
/Users/atulkumar/Documents/MLOperations/MLOps/venv/lib/python3.11/site-packages/airflow/example_dags/example_params_trigger_ui.py                                                         1           0  1.05s           2025-03-03T02:19:36
/Users/atulkumar/Documents/MLOperations/MLOps/venv/lib/python3.11/site-packages/airflow/example_dags/example_bash_operator.py                                                             1           0  1.06s           2025-03-03T02:20:49
/Users/atulkumar/Documents/MLOperations/MLOps/venv/lib/python3.11/site-packages/airflow/example_dags/example_short_circuit_operator.py                                                    1           0  0.94s           2025-03-03T02:19:18
/Users/atulkumar/Documents/MLOperations/MLOps/venv/lib/python3.11/site-packages/airflow/example_dags/example_branch_operator.py                                                           1           0  1.08s           2025-03-03T02:20:42
/Users/atulkumar/Documents/MLOperations/MLOps/venv/lib/python3.11/site-packages/airflow/example_dags/example_branch_labels.py                                                             1           0  1.07s           2025-03-03T02:20:44
/Users/atulkumar/Documents/MLOperations/MLOps/venv/lib/python3.11/site-packages/airflow/example_dags/tutorial_taskflow_api.py                                                             1           0  1.01s           2025-03-03T02:19:59
/Users/atulkumar/Documents/MLOperations/MLOps/venv/lib/python3.11/site-packages/airflow/example_dags/example_task_group.py                                                                1           0  1.04s           2025-03-03T02:20:18
/Users/atulkumar/Documents/MLOperations/MLOps/venv/lib/python3.11/site-packages/airflow/example_dags/tutorial.py                                                                          1           0  1.07s           2025-03-03T02:20:03
/Users/atulkumar/Documents/MLOperations/MLOps/venv/lib/python3.11/site-packages/airflow/example_dags/example_sla_dag.py                                                                   1           0  0.96s           2025-03-03T02:20:21
/Users/atulkumar/Documents/MLOperations/MLOps/venv/lib/python3.11/site-packages/airflow/example_dags/example_passing_params_via_test_command.py                                           1           0  1.08s           2025-03-03T02:19:32
/Users/atulkumar/Documents/MLOperations/MLOps/venv/lib/python3.11/site-packages/airflow/example_dags/example_latest_only_with_trigger.py                                                  1           0  1.08s           2025-03-03T02:19:42
/Users/atulkumar/Documents/MLOperations/MLOps/venv/lib/python3.11/site-packages/airflow/example_dags/example_time_delta_sensor_async.py                                                   1           0  1.00s           2025-03-03T02:20:13
/Users/atulkumar/Documents/MLOperations/MLOps/venv/lib/python3.11/site-packages/airflow/example_dags/example_dag_decorator.py                                                             1           0  1.12s           2025-03-03T02:20:34
/Users/atulkumar/Documents/MLOperations/MLOps/venv/lib/python3.11/site-packages/airflow/example_dags/example_xcom.py                                                                      1           0  1.05s           2025-03-03T02:20:07
/Users/atulkumar/Documents/MLOperations/MLOps/venv/lib/python3.11/site-packages/airflow/example_dags/example_branch_operator_decorator.py                                                 1           0  1.18s           2025-03-03T02:20:40
/Users/atulkumar/Documents/MLOperations/MLOps/venv/lib/python3.11/site-packages/airflow/example_dags/example_branch_day_of_week_operator.py                                               1           0  1.07s           2025-03-03T02:20:46
/Users/atulkumar/Documents/MLOperations/MLOps/venv/lib/python3.11/site-packages/airflow/example_dags/example_skip_dag.py                                                                  1           0  0.95s           2025-03-03T02:19:16
/Users/atulkumar/Documents/MLOperations/MLOps/venv/lib/python3.11/site-packages/airflow/example_dags/example_short_circuit_decorator.py                                                   1           0  0.93s           2025-03-03T02:19:20
/Users/atulkumar/Documents/MLOperations/MLOps/venv/lib/python3.11/site-packages/airflow/example_dags/tutorial_dag.py                                                                      1           0  0.99s           2025-03-03T02:20:01
/Users/atulkumar/Documents/MLOperations/MLOps/venv/lib/python3.11/site-packages/airflow/example_dags/example_trigger_target_dag.py                                                        1           0  1.03s           2025-03-03T02:20:09
/Users/atulkumar/Documents/MLOperations/MLOps/venv/lib/python3.11/site-packages/airflow/example_dags/example_sensor_decorator.py                                                          1           0  1.19s           2025-03-03T02:19:28
/Users/atulkumar/Documents/MLOperations/MLOps/venv/lib/python3.11/site-packages/airflow/example_dags/example_branch_python_dop_operator_3.py                                              1           0  1.14s           2025-03-03T02:20:38
/Users/atulkumar/Documents/MLOperations/MLOps/venv/lib/python3.11/site-packages/airflow/example_dags/example_sensors.py                                                                   1           0  1.03s           2025-03-03T02:19:25
/Users/atulkumar/Documents/MLOperations/MLOps/venv/lib/python3.11/site-packages/airflow/example_dags/example_nested_branch_dag.py                                                         1           0  1.01s           2025-03-03T02:19:38
/Users/atulkumar/Documents/MLOperations/MLOps/venv/lib/python3.11/site-packages/airflow/example_dags/example_dynamic_task_mapping_with_no_taskflow_operators.py                           1           0  1.26s           2025-03-03T02:20:28
/Users/atulkumar/Documents/MLOperations/MLOps/venv/lib/python3.11/site-packages/airflow/example_dags/example_trigger_controller_dag.py                                                    1           0  1.11s           2025-03-03T02:20:11
/Users/atulkumar/Documents/MLOperations/MLOps/venv/lib/python3.11/site-packages/airflow/example_dags/example_params_ui_tutorial.py                                                        1           0  1.13s           2025-03-03T02:19:34
/Users/atulkumar/Documents/MLOperations/MLOps/venv/lib/python3.11/site-packages/airflow/example_dags/example_dynamic_task_mapping.py                                                      1           0  1.05s           2025-03-03T02:20:29
/Users/atulkumar/Documents/MLOperations/MLOps/venv/lib/python3.11/site-packages/airflow/example_dags/example_external_task_marker_dag.py                                                  2           0  1.01s           2025-03-03T02:20:25
/Users/atulkumar/Documents/MLOperations/MLOps/venv/lib/python3.11/site-packages/airflow/example_dags/example_xcomargs.py                                                                  2           0  1.06s           2025-03-03T02:20:05
/Users/atulkumar/Documents/MLOperations/MLOps/venv/lib/python3.11/site-packages/airflow/example_dags/example_branch_datetime_operator.py                                                  3           0  1.01s           2025-03-03T02:20:48
/Users/atulkumar/Documents/MLOperations/MLOps/venv/lib/python3.11/site-packages/airflow/example_dags/example_subdag_operator.py                                                           3           0  0.95s           2025-03-03T02:20:20
/Users/atulkumar/Documents/MLOperations/MLOps/venv/lib/python3.11/site-packages/airflow/example_dags/example_datasets.py                                                                  6           0  1.16s           2025-03-03T02:20:32
================================================================================
[2025-03-02T21:21:31.397-0500] {manager.py:889} INFO - 
================================================================================
DAG File Processing Stats

File Path                                                                                                                                                        PID    Runtime      # DAGs    # Errors  Last Runtime    Last Run
---------------------------------------------------------------------------------------------------------------------------------------------------------------  -----  ---------  --------  ----------  --------------  -------------------
/Users/atulkumar/Documents/MLOperations/MLOps/venv/lib/python3.11/site-packages/airflow/example_dags/example_local_kubernetes_executor.py                                                 0           0  1.00s           2025-03-03T02:19:40
/Users/atulkumar/Documents/MLOperations/MLOps/venv/lib/python3.11/site-packages/airflow/example_dags/tutorial_taskflow_api_virtualenv.py                                                  0           0  0.97s           2025-03-03T02:21:04
/Users/atulkumar/Documents/MLOperations/MLOps/venv/lib/python3.11/site-packages/airflow/example_dags/example_setup_teardown.py                                                            0           0  0.99s           2025-03-03T02:19:24
/Users/atulkumar/Documents/MLOperations/MLOps/venv/lib/python3.11/site-packages/airflow/example_dags/example_kubernetes_executor.py                                                       0           0  0.93s           2025-03-03T02:20:23
/Users/atulkumar/Documents/MLOperations/MLOps/venv/lib/python3.11/site-packages/airflow/example_dags/example_setup_teardown_taskflow.py                                                   0           0  1.00s           2025-03-03T02:19:22
/Users/atulkumar/Documents/MLOperations/MLOps/venv/lib/python3.11/site-packages/airflow/example_dags/plugins/workday.py                                                                   0           0  1.56s           2025-03-03T02:20:58
/Users/atulkumar/Documents/MLOperations/MLOps/venv/lib/python3.11/site-packages/airflow/example_dags/plugins/event_listener.py                                                            0           0  0.99s           2025-03-03T02:21:02
/Users/atulkumar/Documents/MLOperations/MLOps/venv/lib/python3.11/site-packages/airflow/example_dags/plugins/listener_plugin.py                                                           0           0  1.03s           2025-03-03T02:21:00
/Users/atulkumar/Documents/MLOperations/MLOps/venv/lib/python3.11/site-packages/airflow/example_dags/subdags/subdag.py                                                                    0           0  1.22s           2025-03-03T02:20:56
/Users/atulkumar/Documents/MLOperations/MLOps/Data-Pipeline/dags/test_pipeline_dag.py                                                                                                     1           0  1.25s           2025-03-03T02:20:54
/Users/atulkumar/Documents/MLOperations/MLOps/Data-Pipeline/dags/dag_test.py                                                                                                              1           0  1.42s           2025-03-03T02:20:51
/Users/atulkumar/Documents/MLOperations/MLOps/venv/lib/python3.11/site-packages/airflow/example_dags/example_latest_only.py                                                               1           0  1.24s           2025-03-03T02:19:44
/Users/atulkumar/Documents/MLOperations/MLOps/venv/lib/python3.11/site-packages/airflow/example_dags/example_task_group_decorator.py                                                      1           0  1.06s           2025-03-03T02:21:21
/Users/atulkumar/Documents/MLOperations/MLOps/venv/lib/python3.11/site-packages/airflow/example_dags/example_complex.py                                                                   1           0  1.12s           2025-03-03T02:20:36
/Users/atulkumar/Documents/MLOperations/MLOps/venv/lib/python3.11/site-packages/airflow/example_dags/example_python_operator.py                                                           1           0  1.04s           2025-03-03T02:19:30
/Users/atulkumar/Documents/MLOperations/MLOps/venv/lib/python3.11/site-packages/airflow/example_dags/example_params_trigger_ui.py                                                         1           0  1.05s           2025-03-03T02:19:36
/Users/atulkumar/Documents/MLOperations/MLOps/venv/lib/python3.11/site-packages/airflow/example_dags/example_bash_operator.py                                                             1           0  1.06s           2025-03-03T02:20:49
/Users/atulkumar/Documents/MLOperations/MLOps/venv/lib/python3.11/site-packages/airflow/example_dags/example_short_circuit_operator.py                                                    1           0  1.02s           2025-03-03T02:21:29
/Users/atulkumar/Documents/MLOperations/MLOps/venv/lib/python3.11/site-packages/airflow/example_dags/example_branch_operator.py                                                           1           0  1.08s           2025-03-03T02:20:42
/Users/atulkumar/Documents/MLOperations/MLOps/venv/lib/python3.11/site-packages/airflow/example_dags/example_branch_labels.py                                                             1           0  1.07s           2025-03-03T02:20:44
/Users/atulkumar/Documents/MLOperations/MLOps/venv/lib/python3.11/site-packages/airflow/example_dags/tutorial_taskflow_api.py                                                             1           0  1.02s           2025-03-03T02:21:06
/Users/atulkumar/Documents/MLOperations/MLOps/venv/lib/python3.11/site-packages/airflow/example_dags/example_task_group.py                                                                1           0  0.97s           2025-03-03T02:21:23
/Users/atulkumar/Documents/MLOperations/MLOps/venv/lib/python3.11/site-packages/airflow/example_dags/tutorial.py                                                                          1           0  0.97s           2025-03-03T02:21:10
/Users/atulkumar/Documents/MLOperations/MLOps/venv/lib/python3.11/site-packages/airflow/example_dags/example_sla_dag.py                                                                   1           0  0.96s           2025-03-03T02:20:21
/Users/atulkumar/Documents/MLOperations/MLOps/venv/lib/python3.11/site-packages/airflow/example_dags/example_passing_params_via_test_command.py                                           1           0  1.08s           2025-03-03T02:19:32
/Users/atulkumar/Documents/MLOperations/MLOps/venv/lib/python3.11/site-packages/airflow/example_dags/example_latest_only_with_trigger.py                                                  1           0  1.08s           2025-03-03T02:19:42
/Users/atulkumar/Documents/MLOperations/MLOps/venv/lib/python3.11/site-packages/airflow/example_dags/example_time_delta_sensor_async.py                                                   1           0  0.94s           2025-03-03T02:21:20
/Users/atulkumar/Documents/MLOperations/MLOps/venv/lib/python3.11/site-packages/airflow/example_dags/example_dag_decorator.py                                                             1           0  1.12s           2025-03-03T02:20:34
/Users/atulkumar/Documents/MLOperations/MLOps/venv/lib/python3.11/site-packages/airflow/example_dags/example_xcom.py                                                                      1           0  0.95s           2025-03-03T02:21:14
/Users/atulkumar/Documents/MLOperations/MLOps/venv/lib/python3.11/site-packages/airflow/example_dags/example_branch_operator_decorator.py                                                 1           0  1.18s           2025-03-03T02:20:40
/Users/atulkumar/Documents/MLOperations/MLOps/venv/lib/python3.11/site-packages/airflow/example_dags/example_branch_day_of_week_operator.py                                               1           0  1.07s           2025-03-03T02:20:46
/Users/atulkumar/Documents/MLOperations/MLOps/venv/lib/python3.11/site-packages/airflow/example_dags/example_skip_dag.py                                                                  1           0  0.98s           2025-03-03T02:21:27
/Users/atulkumar/Documents/MLOperations/MLOps/venv/lib/python3.11/site-packages/airflow/example_dags/example_short_circuit_decorator.py                                                   1           0  1.01s           2025-03-03T02:21:31
/Users/atulkumar/Documents/MLOperations/MLOps/venv/lib/python3.11/site-packages/airflow/example_dags/tutorial_dag.py                                                                      1           0  0.99s           2025-03-03T02:21:08
/Users/atulkumar/Documents/MLOperations/MLOps/venv/lib/python3.11/site-packages/airflow/example_dags/example_trigger_target_dag.py                                                        1           0  1.01s           2025-03-03T02:21:16
/Users/atulkumar/Documents/MLOperations/MLOps/venv/lib/python3.11/site-packages/airflow/example_dags/example_sensor_decorator.py                                                          1           0  1.19s           2025-03-03T02:19:28
/Users/atulkumar/Documents/MLOperations/MLOps/venv/lib/python3.11/site-packages/airflow/example_dags/example_branch_python_dop_operator_3.py                                              1           0  1.14s           2025-03-03T02:20:38
/Users/atulkumar/Documents/MLOperations/MLOps/venv/lib/python3.11/site-packages/airflow/example_dags/example_sensors.py                                                                   1           0  1.03s           2025-03-03T02:19:25
/Users/atulkumar/Documents/MLOperations/MLOps/venv/lib/python3.11/site-packages/airflow/example_dags/example_nested_branch_dag.py                                                         1           0  1.01s           2025-03-03T02:19:38
/Users/atulkumar/Documents/MLOperations/MLOps/venv/lib/python3.11/site-packages/airflow/example_dags/example_dynamic_task_mapping_with_no_taskflow_operators.py                           1           0  1.26s           2025-03-03T02:20:28
/Users/atulkumar/Documents/MLOperations/MLOps/venv/lib/python3.11/site-packages/airflow/example_dags/example_trigger_controller_dag.py                                                    1           0  1.03s           2025-03-03T02:21:18
/Users/atulkumar/Documents/MLOperations/MLOps/venv/lib/python3.11/site-packages/airflow/example_dags/example_params_ui_tutorial.py                                                        1           0  1.13s           2025-03-03T02:19:34
/Users/atulkumar/Documents/MLOperations/MLOps/venv/lib/python3.11/site-packages/airflow/example_dags/example_dynamic_task_mapping.py                                                      1           0  1.05s           2025-03-03T02:20:29
/Users/atulkumar/Documents/MLOperations/MLOps/venv/lib/python3.11/site-packages/airflow/example_dags/example_external_task_marker_dag.py                                                  2           0  1.01s           2025-03-03T02:20:25
/Users/atulkumar/Documents/MLOperations/MLOps/venv/lib/python3.11/site-packages/airflow/example_dags/example_xcomargs.py                                                                  2           0  0.96s           2025-03-03T02:21:12
/Users/atulkumar/Documents/MLOperations/MLOps/venv/lib/python3.11/site-packages/airflow/example_dags/example_branch_datetime_operator.py                                                  3           0  1.01s           2025-03-03T02:20:48
/Users/atulkumar/Documents/MLOperations/MLOps/venv/lib/python3.11/site-packages/airflow/example_dags/example_subdag_operator.py                                                           3           0  0.95s           2025-03-03T02:21:25
/Users/atulkumar/Documents/MLOperations/MLOps/venv/lib/python3.11/site-packages/airflow/example_dags/example_datasets.py                                                                  6           0  1.16s           2025-03-03T02:20:32
================================================================================
[2025-03-02T21:22:02.826-0500] {manager.py:889} INFO - 
================================================================================
DAG File Processing Stats

File Path                                                                                                                                                        PID    Runtime      # DAGs    # Errors  Last Runtime    Last Run
---------------------------------------------------------------------------------------------------------------------------------------------------------------  -----  ---------  --------  ----------  --------------  -------------------
/Users/atulkumar/Documents/MLOperations/MLOps/venv/lib/python3.11/site-packages/airflow/example_dags/example_local_kubernetes_executor.py                                                 0           0  0.93s           2025-03-03T02:21:50
/Users/atulkumar/Documents/MLOperations/MLOps/venv/lib/python3.11/site-packages/airflow/example_dags/tutorial_taskflow_api_virtualenv.py                                                  0           0  0.97s           2025-03-03T02:21:04
/Users/atulkumar/Documents/MLOperations/MLOps/venv/lib/python3.11/site-packages/airflow/example_dags/example_setup_teardown.py                                                            0           0  0.90s           2025-03-03T02:21:35
/Users/atulkumar/Documents/MLOperations/MLOps/venv/lib/python3.11/site-packages/airflow/example_dags/example_kubernetes_executor.py                                                       0           0  0.93s           2025-03-03T02:20:23
/Users/atulkumar/Documents/MLOperations/MLOps/venv/lib/python3.11/site-packages/airflow/example_dags/example_setup_teardown_taskflow.py                                                   0           0  0.96s           2025-03-03T02:21:33
/Users/atulkumar/Documents/MLOperations/MLOps/venv/lib/python3.11/site-packages/airflow/example_dags/plugins/workday.py                                                                   0           0  1.36s           2025-03-03T02:22:02
/Users/atulkumar/Documents/MLOperations/MLOps/venv/lib/python3.11/site-packages/airflow/example_dags/plugins/event_listener.py                                                            0           0  0.99s           2025-03-03T02:21:02
/Users/atulkumar/Documents/MLOperations/MLOps/venv/lib/python3.11/site-packages/airflow/example_dags/plugins/listener_plugin.py                                                           0           0  1.03s           2025-03-03T02:21:00
/Users/atulkumar/Documents/MLOperations/MLOps/venv/lib/python3.11/site-packages/airflow/example_dags/subdags/subdag.py                                                                    0           0  0.90s           2025-03-03T02:22:00
/Users/atulkumar/Documents/MLOperations/MLOps/Data-Pipeline/dags/test_pipeline_dag.py                                                                                                     1           0  1.10s           2025-03-03T02:21:58
/Users/atulkumar/Documents/MLOperations/MLOps/Data-Pipeline/dags/dag_test.py                                                                                                              1           0  0.95s           2025-03-03T02:21:56
/Users/atulkumar/Documents/MLOperations/MLOps/venv/lib/python3.11/site-packages/airflow/example_dags/example_latest_only.py                                                               1           0  0.98s           2025-03-03T02:21:54
/Users/atulkumar/Documents/MLOperations/MLOps/venv/lib/python3.11/site-packages/airflow/example_dags/example_task_group_decorator.py                                                      1           0  1.06s           2025-03-03T02:21:21
/Users/atulkumar/Documents/MLOperations/MLOps/venv/lib/python3.11/site-packages/airflow/example_dags/example_complex.py                                                                   1           0  1.12s           2025-03-03T02:20:36
/Users/atulkumar/Documents/MLOperations/MLOps/venv/lib/python3.11/site-packages/airflow/example_dags/example_python_operator.py                                                           1           0  0.98s           2025-03-03T02:21:41
/Users/atulkumar/Documents/MLOperations/MLOps/venv/lib/python3.11/site-packages/airflow/example_dags/example_params_trigger_ui.py                                                         1           0  1.02s           2025-03-03T02:21:46
/Users/atulkumar/Documents/MLOperations/MLOps/venv/lib/python3.11/site-packages/airflow/example_dags/example_bash_operator.py                                                             1           0  1.06s           2025-03-03T02:20:49
/Users/atulkumar/Documents/MLOperations/MLOps/venv/lib/python3.11/site-packages/airflow/example_dags/example_short_circuit_operator.py                                                    1           0  1.02s           2025-03-03T02:21:29
/Users/atulkumar/Documents/MLOperations/MLOps/venv/lib/python3.11/site-packages/airflow/example_dags/example_branch_operator.py                                                           1           0  1.08s           2025-03-03T02:20:42
/Users/atulkumar/Documents/MLOperations/MLOps/venv/lib/python3.11/site-packages/airflow/example_dags/example_branch_labels.py                                                             1           0  1.07s           2025-03-03T02:20:44
/Users/atulkumar/Documents/MLOperations/MLOps/venv/lib/python3.11/site-packages/airflow/example_dags/tutorial_taskflow_api.py                                                             1           0  1.02s           2025-03-03T02:21:06
/Users/atulkumar/Documents/MLOperations/MLOps/venv/lib/python3.11/site-packages/airflow/example_dags/example_task_group.py                                                                1           0  0.97s           2025-03-03T02:21:23
/Users/atulkumar/Documents/MLOperations/MLOps/venv/lib/python3.11/site-packages/airflow/example_dags/tutorial.py                                                                          1           0  0.97s           2025-03-03T02:21:10
/Users/atulkumar/Documents/MLOperations/MLOps/venv/lib/python3.11/site-packages/airflow/example_dags/example_sla_dag.py                                                                   1           0  0.96s           2025-03-03T02:20:21
/Users/atulkumar/Documents/MLOperations/MLOps/venv/lib/python3.11/site-packages/airflow/example_dags/example_passing_params_via_test_command.py                                           1           0  0.95s           2025-03-03T02:21:42
/Users/atulkumar/Documents/MLOperations/MLOps/venv/lib/python3.11/site-packages/airflow/example_dags/example_latest_only_with_trigger.py                                                  1           0  0.96s           2025-03-03T02:21:52
/Users/atulkumar/Documents/MLOperations/MLOps/venv/lib/python3.11/site-packages/airflow/example_dags/example_time_delta_sensor_async.py                                                   1           0  0.94s           2025-03-03T02:21:20
/Users/atulkumar/Documents/MLOperations/MLOps/venv/lib/python3.11/site-packages/airflow/example_dags/example_dag_decorator.py                                                             1           0  1.12s           2025-03-03T02:20:34
/Users/atulkumar/Documents/MLOperations/MLOps/venv/lib/python3.11/site-packages/airflow/example_dags/example_xcom.py                                                                      1           0  0.95s           2025-03-03T02:21:14
/Users/atulkumar/Documents/MLOperations/MLOps/venv/lib/python3.11/site-packages/airflow/example_dags/example_branch_operator_decorator.py                                                 1           0  1.18s           2025-03-03T02:20:40
/Users/atulkumar/Documents/MLOperations/MLOps/venv/lib/python3.11/site-packages/airflow/example_dags/example_branch_day_of_week_operator.py                                               1           0  1.07s           2025-03-03T02:20:46
/Users/atulkumar/Documents/MLOperations/MLOps/venv/lib/python3.11/site-packages/airflow/example_dags/example_skip_dag.py                                                                  1           0  0.98s           2025-03-03T02:21:27
/Users/atulkumar/Documents/MLOperations/MLOps/venv/lib/python3.11/site-packages/airflow/example_dags/example_short_circuit_decorator.py                                                   1           0  1.01s           2025-03-03T02:21:31
/Users/atulkumar/Documents/MLOperations/MLOps/venv/lib/python3.11/site-packages/airflow/example_dags/tutorial_dag.py                                                                      1           0  0.99s           2025-03-03T02:21:08
/Users/atulkumar/Documents/MLOperations/MLOps/venv/lib/python3.11/site-packages/airflow/example_dags/example_trigger_target_dag.py                                                        1           0  1.01s           2025-03-03T02:21:16
/Users/atulkumar/Documents/MLOperations/MLOps/venv/lib/python3.11/site-packages/airflow/example_dags/example_sensor_decorator.py                                                          1           0  0.97s           2025-03-03T02:21:39
/Users/atulkumar/Documents/MLOperations/MLOps/venv/lib/python3.11/site-packages/airflow/example_dags/example_branch_python_dop_operator_3.py                                              1           0  1.14s           2025-03-03T02:20:38
/Users/atulkumar/Documents/MLOperations/MLOps/venv/lib/python3.11/site-packages/airflow/example_dags/example_sensors.py                                                                   1           0  0.98s           2025-03-03T02:21:37
/Users/atulkumar/Documents/MLOperations/MLOps/venv/lib/python3.11/site-packages/airflow/example_dags/example_nested_branch_dag.py                                                         1           0  1.01s           2025-03-03T02:21:48
/Users/atulkumar/Documents/MLOperations/MLOps/venv/lib/python3.11/site-packages/airflow/example_dags/example_dynamic_task_mapping_with_no_taskflow_operators.py                           1           0  1.26s           2025-03-03T02:20:28
/Users/atulkumar/Documents/MLOperations/MLOps/venv/lib/python3.11/site-packages/airflow/example_dags/example_trigger_controller_dag.py                                                    1           0  1.03s           2025-03-03T02:21:18
/Users/atulkumar/Documents/MLOperations/MLOps/venv/lib/python3.11/site-packages/airflow/example_dags/example_params_ui_tutorial.py                                                        1           0  0.99s           2025-03-03T02:21:44
/Users/atulkumar/Documents/MLOperations/MLOps/venv/lib/python3.11/site-packages/airflow/example_dags/example_dynamic_task_mapping.py                                                      1           0  1.05s           2025-03-03T02:20:29
/Users/atulkumar/Documents/MLOperations/MLOps/venv/lib/python3.11/site-packages/airflow/example_dags/example_external_task_marker_dag.py                                                  2           0  1.01s           2025-03-03T02:20:25
/Users/atulkumar/Documents/MLOperations/MLOps/venv/lib/python3.11/site-packages/airflow/example_dags/example_xcomargs.py                                                                  2           0  0.96s           2025-03-03T02:21:12
/Users/atulkumar/Documents/MLOperations/MLOps/venv/lib/python3.11/site-packages/airflow/example_dags/example_branch_datetime_operator.py                                                  3           0  1.01s           2025-03-03T02:20:48
/Users/atulkumar/Documents/MLOperations/MLOps/venv/lib/python3.11/site-packages/airflow/example_dags/example_subdag_operator.py                                                           3           0  0.95s           2025-03-03T02:21:25
/Users/atulkumar/Documents/MLOperations/MLOps/venv/lib/python3.11/site-packages/airflow/example_dags/example_datasets.py                                                                  6           0  1.16s           2025-03-03T02:20:32
================================================================================
[2025-03-02T21:22:33.122-0500] {manager.py:889} INFO - 
================================================================================
DAG File Processing Stats

File Path                                                                                                                                                        PID    Runtime      # DAGs    # Errors  Last Runtime    Last Run
---------------------------------------------------------------------------------------------------------------------------------------------------------------  -----  ---------  --------  ----------  --------------  -------------------
/Users/atulkumar/Documents/MLOperations/MLOps/venv/lib/python3.11/site-packages/airflow/example_dags/example_local_kubernetes_executor.py                                                 0           0  0.93s           2025-03-03T02:21:50
/Users/atulkumar/Documents/MLOperations/MLOps/venv/lib/python3.11/site-packages/airflow/example_dags/tutorial_taskflow_api_virtualenv.py                                                  0           0  1.07s           2025-03-03T02:22:08
/Users/atulkumar/Documents/MLOperations/MLOps/venv/lib/python3.11/site-packages/airflow/example_dags/example_setup_teardown.py                                                            0           0  0.90s           2025-03-03T02:21:35
/Users/atulkumar/Documents/MLOperations/MLOps/venv/lib/python3.11/site-packages/airflow/example_dags/example_kubernetes_executor.py                                                       0           0  0.93s           2025-03-03T02:20:23
/Users/atulkumar/Documents/MLOperations/MLOps/venv/lib/python3.11/site-packages/airflow/example_dags/example_setup_teardown_taskflow.py                                                   0           0  0.96s           2025-03-03T02:21:33
/Users/atulkumar/Documents/MLOperations/MLOps/venv/lib/python3.11/site-packages/airflow/example_dags/plugins/workday.py                                                                   0           0  1.36s           2025-03-03T02:22:02
/Users/atulkumar/Documents/MLOperations/MLOps/venv/lib/python3.11/site-packages/airflow/example_dags/plugins/event_listener.py                                                            0           0  0.97s           2025-03-03T02:22:06
/Users/atulkumar/Documents/MLOperations/MLOps/venv/lib/python3.11/site-packages/airflow/example_dags/plugins/listener_plugin.py                                                           0           0  0.99s           2025-03-03T02:22:04
/Users/atulkumar/Documents/MLOperations/MLOps/venv/lib/python3.11/site-packages/airflow/example_dags/subdags/subdag.py                                                                    0           0  0.90s           2025-03-03T02:22:00
/Users/atulkumar/Documents/MLOperations/MLOps/Data-Pipeline/dags/test_pipeline_dag.py                                                                                                     1           0  1.10s           2025-03-03T02:21:58
/Users/atulkumar/Documents/MLOperations/MLOps/Data-Pipeline/dags/dag_test.py                                                                                                              1           0  0.95s           2025-03-03T02:21:56
/Users/atulkumar/Documents/MLOperations/MLOps/venv/lib/python3.11/site-packages/airflow/example_dags/example_latest_only.py                                                               1           0  0.98s           2025-03-03T02:21:54
/Users/atulkumar/Documents/MLOperations/MLOps/venv/lib/python3.11/site-packages/airflow/example_dags/example_task_group_decorator.py                                                      1           0  1.15s           2025-03-03T02:22:27
/Users/atulkumar/Documents/MLOperations/MLOps/venv/lib/python3.11/site-packages/airflow/example_dags/example_complex.py                                                                   1           0  1.12s           2025-03-03T02:20:36
/Users/atulkumar/Documents/MLOperations/MLOps/venv/lib/python3.11/site-packages/airflow/example_dags/example_python_operator.py                                                           1           0  0.98s           2025-03-03T02:21:41
/Users/atulkumar/Documents/MLOperations/MLOps/venv/lib/python3.11/site-packages/airflow/example_dags/example_params_trigger_ui.py                                                         1           0  1.02s           2025-03-03T02:21:46
/Users/atulkumar/Documents/MLOperations/MLOps/venv/lib/python3.11/site-packages/airflow/example_dags/example_bash_operator.py                                                             1           0  1.06s           2025-03-03T02:20:49
/Users/atulkumar/Documents/MLOperations/MLOps/venv/lib/python3.11/site-packages/airflow/example_dags/example_short_circuit_operator.py                                                    1           0  1.02s           2025-03-03T02:21:29
/Users/atulkumar/Documents/MLOperations/MLOps/venv/lib/python3.11/site-packages/airflow/example_dags/example_branch_operator.py                                                           1           0  1.08s           2025-03-03T02:20:42
/Users/atulkumar/Documents/MLOperations/MLOps/venv/lib/python3.11/site-packages/airflow/example_dags/example_branch_labels.py                                                             1           0  1.07s           2025-03-03T02:20:44
/Users/atulkumar/Documents/MLOperations/MLOps/venv/lib/python3.11/site-packages/airflow/example_dags/tutorial_taskflow_api.py                                                             1           0  1.11s           2025-03-03T02:22:10
/Users/atulkumar/Documents/MLOperations/MLOps/venv/lib/python3.11/site-packages/airflow/example_dags/example_task_group.py                                                                1           0  1.27s           2025-03-03T02:22:29
/Users/atulkumar/Documents/MLOperations/MLOps/venv/lib/python3.11/site-packages/airflow/example_dags/tutorial.py                                                                          1           0  1.11s           2025-03-03T02:22:14
/Users/atulkumar/Documents/MLOperations/MLOps/venv/lib/python3.11/site-packages/airflow/example_dags/example_sla_dag.py                                                                   1           0  1.29s           2025-03-03T02:22:33
/Users/atulkumar/Documents/MLOperations/MLOps/venv/lib/python3.11/site-packages/airflow/example_dags/example_passing_params_via_test_command.py                                           1           0  0.95s           2025-03-03T02:21:42
/Users/atulkumar/Documents/MLOperations/MLOps/venv/lib/python3.11/site-packages/airflow/example_dags/example_latest_only_with_trigger.py                                                  1           0  0.96s           2025-03-03T02:21:52
/Users/atulkumar/Documents/MLOperations/MLOps/venv/lib/python3.11/site-packages/airflow/example_dags/example_time_delta_sensor_async.py                                                   1           0  1.14s           2025-03-03T02:22:25
/Users/atulkumar/Documents/MLOperations/MLOps/venv/lib/python3.11/site-packages/airflow/example_dags/example_dag_decorator.py                                                             1           0  1.12s           2025-03-03T02:20:34
/Users/atulkumar/Documents/MLOperations/MLOps/venv/lib/python3.11/site-packages/airflow/example_dags/example_xcom.py                                                                      1           0  1.18s           2025-03-03T02:22:19
/Users/atulkumar/Documents/MLOperations/MLOps/venv/lib/python3.11/site-packages/airflow/example_dags/example_branch_operator_decorator.py                                                 1           0  1.18s           2025-03-03T02:20:40
/Users/atulkumar/Documents/MLOperations/MLOps/venv/lib/python3.11/site-packages/airflow/example_dags/example_branch_day_of_week_operator.py                                               1           0  1.07s           2025-03-03T02:20:46
/Users/atulkumar/Documents/MLOperations/MLOps/venv/lib/python3.11/site-packages/airflow/example_dags/example_skip_dag.py                                                                  1           0  0.98s           2025-03-03T02:21:27
/Users/atulkumar/Documents/MLOperations/MLOps/venv/lib/python3.11/site-packages/airflow/example_dags/example_short_circuit_decorator.py                                                   1           0  1.01s           2025-03-03T02:21:31
/Users/atulkumar/Documents/MLOperations/MLOps/venv/lib/python3.11/site-packages/airflow/example_dags/tutorial_dag.py                                                                      1           0  1.14s           2025-03-03T02:22:12
/Users/atulkumar/Documents/MLOperations/MLOps/venv/lib/python3.11/site-packages/airflow/example_dags/example_trigger_target_dag.py                                                        1           0  1.13s           2025-03-03T02:22:21
/Users/atulkumar/Documents/MLOperations/MLOps/venv/lib/python3.11/site-packages/airflow/example_dags/example_sensor_decorator.py                                                          1           0  0.97s           2025-03-03T02:21:39
/Users/atulkumar/Documents/MLOperations/MLOps/venv/lib/python3.11/site-packages/airflow/example_dags/example_branch_python_dop_operator_3.py                                              1           0  1.14s           2025-03-03T02:20:38
/Users/atulkumar/Documents/MLOperations/MLOps/venv/lib/python3.11/site-packages/airflow/example_dags/example_sensors.py                                                                   1           0  0.98s           2025-03-03T02:21:37
/Users/atulkumar/Documents/MLOperations/MLOps/venv/lib/python3.11/site-packages/airflow/example_dags/example_nested_branch_dag.py                                                         1           0  1.01s           2025-03-03T02:21:48
/Users/atulkumar/Documents/MLOperations/MLOps/venv/lib/python3.11/site-packages/airflow/example_dags/example_dynamic_task_mapping_with_no_taskflow_operators.py                           1           0  1.26s           2025-03-03T02:20:28
/Users/atulkumar/Documents/MLOperations/MLOps/venv/lib/python3.11/site-packages/airflow/example_dags/example_trigger_controller_dag.py                                                    1           0  1.16s           2025-03-03T02:22:23
/Users/atulkumar/Documents/MLOperations/MLOps/venv/lib/python3.11/site-packages/airflow/example_dags/example_params_ui_tutorial.py                                                        1           0  0.99s           2025-03-03T02:21:44
/Users/atulkumar/Documents/MLOperations/MLOps/venv/lib/python3.11/site-packages/airflow/example_dags/example_dynamic_task_mapping.py                                                      1           0  1.05s           2025-03-03T02:20:29
/Users/atulkumar/Documents/MLOperations/MLOps/venv/lib/python3.11/site-packages/airflow/example_dags/example_external_task_marker_dag.py                                                  2           0  1.01s           2025-03-03T02:20:25
/Users/atulkumar/Documents/MLOperations/MLOps/venv/lib/python3.11/site-packages/airflow/example_dags/example_xcomargs.py                                                                  2           0  1.24s           2025-03-03T02:22:16
/Users/atulkumar/Documents/MLOperations/MLOps/venv/lib/python3.11/site-packages/airflow/example_dags/example_branch_datetime_operator.py                                                  3           0  1.01s           2025-03-03T02:20:48
/Users/atulkumar/Documents/MLOperations/MLOps/venv/lib/python3.11/site-packages/airflow/example_dags/example_subdag_operator.py                                                           3           0  1.13s           2025-03-03T02:22:30
/Users/atulkumar/Documents/MLOperations/MLOps/venv/lib/python3.11/site-packages/airflow/example_dags/example_datasets.py                                                                  6           0  1.16s           2025-03-03T02:20:32
================================================================================
[2025-03-02T21:22:49.372-0500] {manager.py:758} INFO - Searching for files in /Users/atulkumar/Documents/MLOperations/MLOps/Data-Pipeline/dags
[2025-03-02T21:22:49.390-0500] {manager.py:761} INFO - There are 48 files in /Users/atulkumar/Documents/MLOperations/MLOps/Data-Pipeline/dags
[2025-03-02T21:23:03.417-0500] {manager.py:889} INFO - 
================================================================================
DAG File Processing Stats

File Path                                                                                                                                                        PID    Runtime      # DAGs    # Errors  Last Runtime    Last Run
---------------------------------------------------------------------------------------------------------------------------------------------------------------  -----  ---------  --------  ----------  --------------  -------------------
/Users/atulkumar/Documents/MLOperations/MLOps/venv/lib/python3.11/site-packages/airflow/example_dags/example_local_kubernetes_executor.py                                                 0           0  0.93s           2025-03-03T02:21:50
/Users/atulkumar/Documents/MLOperations/MLOps/venv/lib/python3.11/site-packages/airflow/example_dags/tutorial_taskflow_api_virtualenv.py                                                  0           0  1.07s           2025-03-03T02:22:08
/Users/atulkumar/Documents/MLOperations/MLOps/venv/lib/python3.11/site-packages/airflow/example_dags/example_setup_teardown.py                                                            0           0  0.90s           2025-03-03T02:21:35
/Users/atulkumar/Documents/MLOperations/MLOps/venv/lib/python3.11/site-packages/airflow/example_dags/example_kubernetes_executor.py                                                       0           0  1.05s           2025-03-03T02:22:35
/Users/atulkumar/Documents/MLOperations/MLOps/venv/lib/python3.11/site-packages/airflow/example_dags/example_setup_teardown_taskflow.py                                                   0           0  0.96s           2025-03-03T02:21:33
/Users/atulkumar/Documents/MLOperations/MLOps/venv/lib/python3.11/site-packages/airflow/example_dags/plugins/workday.py                                                                   0           0  1.36s           2025-03-03T02:22:02
/Users/atulkumar/Documents/MLOperations/MLOps/venv/lib/python3.11/site-packages/airflow/example_dags/plugins/event_listener.py                                                            0           0  0.97s           2025-03-03T02:22:06
/Users/atulkumar/Documents/MLOperations/MLOps/venv/lib/python3.11/site-packages/airflow/example_dags/plugins/listener_plugin.py                                                           0           0  0.99s           2025-03-03T02:22:04
/Users/atulkumar/Documents/MLOperations/MLOps/venv/lib/python3.11/site-packages/airflow/example_dags/subdags/subdag.py                                                                    0           0  0.90s           2025-03-03T02:22:00
/Users/atulkumar/Documents/MLOperations/MLOps/Data-Pipeline/dags/test_pipeline_dag.py                                                                                                     1           0  1.10s           2025-03-03T02:21:58
/Users/atulkumar/Documents/MLOperations/MLOps/Data-Pipeline/dags/dag_test.py                                                                                                              1           0  1.39s           2025-03-03T02:23:03
/Users/atulkumar/Documents/MLOperations/MLOps/venv/lib/python3.11/site-packages/airflow/example_dags/example_latest_only.py                                                               1           0  0.98s           2025-03-03T02:21:54
/Users/atulkumar/Documents/MLOperations/MLOps/venv/lib/python3.11/site-packages/airflow/example_dags/example_task_group_decorator.py                                                      1           0  1.15s           2025-03-03T02:22:27
/Users/atulkumar/Documents/MLOperations/MLOps/venv/lib/python3.11/site-packages/airflow/example_dags/example_complex.py                                                                   1           0  1.18s           2025-03-03T02:22:47
/Users/atulkumar/Documents/MLOperations/MLOps/venv/lib/python3.11/site-packages/airflow/example_dags/example_python_operator.py                                                           1           0  0.98s           2025-03-03T02:21:41
/Users/atulkumar/Documents/MLOperations/MLOps/venv/lib/python3.11/site-packages/airflow/example_dags/example_params_trigger_ui.py                                                         1           0  1.02s           2025-03-03T02:21:46
/Users/atulkumar/Documents/MLOperations/MLOps/venv/lib/python3.11/site-packages/airflow/example_dags/example_bash_operator.py                                                             1           0  1.17s           2025-03-03T02:23:00
/Users/atulkumar/Documents/MLOperations/MLOps/venv/lib/python3.11/site-packages/airflow/example_dags/example_short_circuit_operator.py                                                    1           0  1.02s           2025-03-03T02:21:29
/Users/atulkumar/Documents/MLOperations/MLOps/venv/lib/python3.11/site-packages/airflow/example_dags/example_branch_operator.py                                                           1           0  1.05s           2025-03-03T02:22:52
/Users/atulkumar/Documents/MLOperations/MLOps/venv/lib/python3.11/site-packages/airflow/example_dags/example_branch_labels.py                                                             1           0  1.26s           2025-03-03T02:22:54
/Users/atulkumar/Documents/MLOperations/MLOps/venv/lib/python3.11/site-packages/airflow/example_dags/tutorial_taskflow_api.py                                                             1           0  1.11s           2025-03-03T02:22:10
/Users/atulkumar/Documents/MLOperations/MLOps/venv/lib/python3.11/site-packages/airflow/example_dags/example_task_group.py                                                                1           0  1.27s           2025-03-03T02:22:29
/Users/atulkumar/Documents/MLOperations/MLOps/venv/lib/python3.11/site-packages/airflow/example_dags/tutorial.py                                                                          1           0  1.11s           2025-03-03T02:22:14
/Users/atulkumar/Documents/MLOperations/MLOps/venv/lib/python3.11/site-packages/airflow/example_dags/example_sla_dag.py                                                                   1           0  1.29s           2025-03-03T02:22:33
/Users/atulkumar/Documents/MLOperations/MLOps/venv/lib/python3.11/site-packages/airflow/example_dags/example_passing_params_via_test_command.py                                           1           0  0.95s           2025-03-03T02:21:42
/Users/atulkumar/Documents/MLOperations/MLOps/venv/lib/python3.11/site-packages/airflow/example_dags/example_latest_only_with_trigger.py                                                  1           0  0.96s           2025-03-03T02:21:52
/Users/atulkumar/Documents/MLOperations/MLOps/venv/lib/python3.11/site-packages/airflow/example_dags/example_time_delta_sensor_async.py                                                   1           0  1.14s           2025-03-03T02:22:25
/Users/atulkumar/Documents/MLOperations/MLOps/venv/lib/python3.11/site-packages/airflow/example_dags/example_dag_decorator.py                                                             1           0  1.03s           2025-03-03T02:22:45
/Users/atulkumar/Documents/MLOperations/MLOps/venv/lib/python3.11/site-packages/airflow/example_dags/example_xcom.py                                                                      1           0  1.18s           2025-03-03T02:22:19
/Users/atulkumar/Documents/MLOperations/MLOps/venv/lib/python3.11/site-packages/airflow/example_dags/example_branch_operator_decorator.py                                                 1           0  1.03s           2025-03-03T02:22:50
/Users/atulkumar/Documents/MLOperations/MLOps/venv/lib/python3.11/site-packages/airflow/example_dags/example_branch_day_of_week_operator.py                                               1           0  1.18s           2025-03-03T02:22:56
/Users/atulkumar/Documents/MLOperations/MLOps/venv/lib/python3.11/site-packages/airflow/example_dags/example_skip_dag.py                                                                  1           0  0.98s           2025-03-03T02:21:27
/Users/atulkumar/Documents/MLOperations/MLOps/venv/lib/python3.11/site-packages/airflow/example_dags/example_short_circuit_decorator.py                                                   1           0  1.01s           2025-03-03T02:21:31
/Users/atulkumar/Documents/MLOperations/MLOps/venv/lib/python3.11/site-packages/airflow/example_dags/tutorial_dag.py                                                                      1           0  1.14s           2025-03-03T02:22:12
/Users/atulkumar/Documents/MLOperations/MLOps/venv/lib/python3.11/site-packages/airflow/example_dags/example_trigger_target_dag.py                                                        1           0  1.13s           2025-03-03T02:22:21
/Users/atulkumar/Documents/MLOperations/MLOps/venv/lib/python3.11/site-packages/airflow/example_dags/example_sensor_decorator.py                                                          1           0  0.97s           2025-03-03T02:21:39
/Users/atulkumar/Documents/MLOperations/MLOps/venv/lib/python3.11/site-packages/airflow/example_dags/example_branch_python_dop_operator_3.py                                              1           0  1.09s           2025-03-03T02:22:48
/Users/atulkumar/Documents/MLOperations/MLOps/venv/lib/python3.11/site-packages/airflow/example_dags/example_sensors.py                                                                   1           0  0.98s           2025-03-03T02:21:37
/Users/atulkumar/Documents/MLOperations/MLOps/venv/lib/python3.11/site-packages/airflow/example_dags/example_nested_branch_dag.py                                                         1           0  1.01s           2025-03-03T02:21:48
/Users/atulkumar/Documents/MLOperations/MLOps/venv/lib/python3.11/site-packages/airflow/example_dags/example_dynamic_task_mapping_with_no_taskflow_operators.py                           1           0  1.11s           2025-03-03T02:22:39
/Users/atulkumar/Documents/MLOperations/MLOps/venv/lib/python3.11/site-packages/airflow/example_dags/example_trigger_controller_dag.py                                                    1           0  1.16s           2025-03-03T02:22:23
/Users/atulkumar/Documents/MLOperations/MLOps/venv/lib/python3.11/site-packages/airflow/example_dags/example_params_ui_tutorial.py                                                        1           0  0.99s           2025-03-03T02:21:44
/Users/atulkumar/Documents/MLOperations/MLOps/venv/lib/python3.11/site-packages/airflow/example_dags/example_dynamic_task_mapping.py                                                      1           0  0.95s           2025-03-03T02:22:41
/Users/atulkumar/Documents/MLOperations/MLOps/venv/lib/python3.11/site-packages/airflow/example_dags/example_external_task_marker_dag.py                                                  2           0  1.31s           2025-03-03T02:22:37
/Users/atulkumar/Documents/MLOperations/MLOps/venv/lib/python3.11/site-packages/airflow/example_dags/example_xcomargs.py                                                                  2           0  1.24s           2025-03-03T02:22:16
/Users/atulkumar/Documents/MLOperations/MLOps/venv/lib/python3.11/site-packages/airflow/example_dags/example_branch_datetime_operator.py                                                  3           0  1.25s           2025-03-03T02:22:58
/Users/atulkumar/Documents/MLOperations/MLOps/venv/lib/python3.11/site-packages/airflow/example_dags/example_subdag_operator.py                                                           3           0  1.13s           2025-03-03T02:22:30
/Users/atulkumar/Documents/MLOperations/MLOps/venv/lib/python3.11/site-packages/airflow/example_dags/example_datasets.py                                                                  6           0  1.06s           2025-03-03T02:22:43
================================================================================
[2025-03-02T21:23:35.002-0500] {manager.py:889} INFO - 
================================================================================
DAG File Processing Stats

File Path                                                                                                                                                        PID    Runtime      # DAGs    # Errors  Last Runtime    Last Run
---------------------------------------------------------------------------------------------------------------------------------------------------------------  -----  ---------  --------  ----------  --------------  -------------------
/Users/atulkumar/Documents/MLOperations/MLOps/venv/lib/python3.11/site-packages/airflow/example_dags/example_local_kubernetes_executor.py                                                 0           0  0.93s           2025-03-03T02:21:50
/Users/atulkumar/Documents/MLOperations/MLOps/venv/lib/python3.11/site-packages/airflow/example_dags/tutorial_taskflow_api_virtualenv.py                                                  0           0  1.00s           2025-03-03T02:23:15
/Users/atulkumar/Documents/MLOperations/MLOps/venv/lib/python3.11/site-packages/airflow/example_dags/example_setup_teardown.py                                                            0           0  0.90s           2025-03-03T02:21:35
/Users/atulkumar/Documents/MLOperations/MLOps/venv/lib/python3.11/site-packages/airflow/example_dags/example_kubernetes_executor.py                                                       0           0  1.05s           2025-03-03T02:22:35
/Users/atulkumar/Documents/MLOperations/MLOps/venv/lib/python3.11/site-packages/airflow/example_dags/example_setup_teardown_taskflow.py                                                   0           0  0.96s           2025-03-03T02:21:33
/Users/atulkumar/Documents/MLOperations/MLOps/venv/lib/python3.11/site-packages/airflow/example_dags/plugins/workday.py                                                                   0           0  1.45s           2025-03-03T02:23:09
/Users/atulkumar/Documents/MLOperations/MLOps/venv/lib/python3.11/site-packages/airflow/example_dags/plugins/event_listener.py                                                            0           0  1.05s           2025-03-03T02:23:12
/Users/atulkumar/Documents/MLOperations/MLOps/venv/lib/python3.11/site-packages/airflow/example_dags/plugins/listener_plugin.py                                                           0           0  1.01s           2025-03-03T02:23:10
/Users/atulkumar/Documents/MLOperations/MLOps/venv/lib/python3.11/site-packages/airflow/example_dags/subdags/subdag.py                                                                    0           0  1.00s           2025-03-03T02:23:06
/Users/atulkumar/Documents/MLOperations/MLOps/Data-Pipeline/dags/test_pipeline_dag.py                                                                                                     1           0  1.05s           2025-03-03T02:23:04
/Users/atulkumar/Documents/MLOperations/MLOps/Data-Pipeline/dags/dag_test.py                                                                                                              1           0  1.39s           2025-03-03T02:23:03
/Users/atulkumar/Documents/MLOperations/MLOps/venv/lib/python3.11/site-packages/airflow/example_dags/example_latest_only.py                                                               1           0  0.98s           2025-03-03T02:21:54
/Users/atulkumar/Documents/MLOperations/MLOps/venv/lib/python3.11/site-packages/airflow/example_dags/example_task_group_decorator.py                                                      1           0  0.99s           2025-03-03T02:23:33
/Users/atulkumar/Documents/MLOperations/MLOps/venv/lib/python3.11/site-packages/airflow/example_dags/example_complex.py                                                                   1           0  1.18s           2025-03-03T02:22:47
/Users/atulkumar/Documents/MLOperations/MLOps/venv/lib/python3.11/site-packages/airflow/example_dags/example_python_operator.py                                                           1           0  0.98s           2025-03-03T02:21:41
/Users/atulkumar/Documents/MLOperations/MLOps/venv/lib/python3.11/site-packages/airflow/example_dags/example_params_trigger_ui.py                                                         1           0  1.02s           2025-03-03T02:21:46
/Users/atulkumar/Documents/MLOperations/MLOps/venv/lib/python3.11/site-packages/airflow/example_dags/example_bash_operator.py                                                             1           0  1.17s           2025-03-03T02:23:00
/Users/atulkumar/Documents/MLOperations/MLOps/venv/lib/python3.11/site-packages/airflow/example_dags/example_short_circuit_operator.py                                                    1           0  1.02s           2025-03-03T02:21:29
/Users/atulkumar/Documents/MLOperations/MLOps/venv/lib/python3.11/site-packages/airflow/example_dags/example_branch_operator.py                                                           1           0  1.05s           2025-03-03T02:22:52
/Users/atulkumar/Documents/MLOperations/MLOps/venv/lib/python3.11/site-packages/airflow/example_dags/example_branch_labels.py                                                             1           0  1.26s           2025-03-03T02:22:54
/Users/atulkumar/Documents/MLOperations/MLOps/venv/lib/python3.11/site-packages/airflow/example_dags/tutorial_taskflow_api.py                                                             1           0  1.05s           2025-03-03T02:23:16
/Users/atulkumar/Documents/MLOperations/MLOps/venv/lib/python3.11/site-packages/airflow/example_dags/example_task_group.py                                                                1           0  0.91s           2025-03-03T02:23:35
/Users/atulkumar/Documents/MLOperations/MLOps/venv/lib/python3.11/site-packages/airflow/example_dags/tutorial.py                                                                          1           0  1.07s           2025-03-03T02:23:21
/Users/atulkumar/Documents/MLOperations/MLOps/venv/lib/python3.11/site-packages/airflow/example_dags/example_sla_dag.py                                                                   1           0  1.29s           2025-03-03T02:22:33
/Users/atulkumar/Documents/MLOperations/MLOps/venv/lib/python3.11/site-packages/airflow/example_dags/example_passing_params_via_test_command.py                                           1           0  0.95s           2025-03-03T02:21:42
/Users/atulkumar/Documents/MLOperations/MLOps/venv/lib/python3.11/site-packages/airflow/example_dags/example_latest_only_with_trigger.py                                                  1           0  0.96s           2025-03-03T02:21:52
/Users/atulkumar/Documents/MLOperations/MLOps/venv/lib/python3.11/site-packages/airflow/example_dags/example_time_delta_sensor_async.py                                                   1           0  0.99s           2025-03-03T02:23:31
/Users/atulkumar/Documents/MLOperations/MLOps/venv/lib/python3.11/site-packages/airflow/example_dags/example_dag_decorator.py                                                             1           0  1.03s           2025-03-03T02:22:45
/Users/atulkumar/Documents/MLOperations/MLOps/venv/lib/python3.11/site-packages/airflow/example_dags/example_xcom.py                                                                      1           0  1.08s           2025-03-03T02:23:25
/Users/atulkumar/Documents/MLOperations/MLOps/venv/lib/python3.11/site-packages/airflow/example_dags/example_branch_operator_decorator.py                                                 1           0  1.03s           2025-03-03T02:22:50
/Users/atulkumar/Documents/MLOperations/MLOps/venv/lib/python3.11/site-packages/airflow/example_dags/example_branch_day_of_week_operator.py                                               1           0  1.18s           2025-03-03T02:22:56
/Users/atulkumar/Documents/MLOperations/MLOps/venv/lib/python3.11/site-packages/airflow/example_dags/example_skip_dag.py                                                                  1           0  0.98s           2025-03-03T02:21:27
/Users/atulkumar/Documents/MLOperations/MLOps/venv/lib/python3.11/site-packages/airflow/example_dags/example_short_circuit_decorator.py                                                   1           0  1.01s           2025-03-03T02:21:31
/Users/atulkumar/Documents/MLOperations/MLOps/venv/lib/python3.11/site-packages/airflow/example_dags/tutorial_dag.py                                                                      1           0  1.15s           2025-03-03T02:23:19
/Users/atulkumar/Documents/MLOperations/MLOps/venv/lib/python3.11/site-packages/airflow/example_dags/example_trigger_target_dag.py                                                        1           0  1.02s           2025-03-03T02:23:27
/Users/atulkumar/Documents/MLOperations/MLOps/venv/lib/python3.11/site-packages/airflow/example_dags/example_sensor_decorator.py                                                          1           0  0.97s           2025-03-03T02:21:39
/Users/atulkumar/Documents/MLOperations/MLOps/venv/lib/python3.11/site-packages/airflow/example_dags/example_branch_python_dop_operator_3.py                                              1           0  1.09s           2025-03-03T02:22:48
/Users/atulkumar/Documents/MLOperations/MLOps/venv/lib/python3.11/site-packages/airflow/example_dags/example_sensors.py                                                                   1           0  0.98s           2025-03-03T02:21:37
/Users/atulkumar/Documents/MLOperations/MLOps/venv/lib/python3.11/site-packages/airflow/example_dags/example_nested_branch_dag.py                                                         1           0  1.01s           2025-03-03T02:21:48
/Users/atulkumar/Documents/MLOperations/MLOps/venv/lib/python3.11/site-packages/airflow/example_dags/example_dynamic_task_mapping_with_no_taskflow_operators.py                           1           0  1.11s           2025-03-03T02:22:39
/Users/atulkumar/Documents/MLOperations/MLOps/venv/lib/python3.11/site-packages/airflow/example_dags/example_trigger_controller_dag.py                                                    1           0  0.99s           2025-03-03T02:23:29
/Users/atulkumar/Documents/MLOperations/MLOps/venv/lib/python3.11/site-packages/airflow/example_dags/example_params_ui_tutorial.py                                                        1           0  0.99s           2025-03-03T02:21:44
/Users/atulkumar/Documents/MLOperations/MLOps/venv/lib/python3.11/site-packages/airflow/example_dags/example_dynamic_task_mapping.py                                                      1           0  0.95s           2025-03-03T02:22:41
/Users/atulkumar/Documents/MLOperations/MLOps/venv/lib/python3.11/site-packages/airflow/example_dags/example_external_task_marker_dag.py                                                  2           0  1.31s           2025-03-03T02:22:37
/Users/atulkumar/Documents/MLOperations/MLOps/venv/lib/python3.11/site-packages/airflow/example_dags/example_xcomargs.py                                                                  2           0  1.03s           2025-03-03T02:23:23
/Users/atulkumar/Documents/MLOperations/MLOps/venv/lib/python3.11/site-packages/airflow/example_dags/example_branch_datetime_operator.py                                                  3           0  1.25s           2025-03-03T02:22:58
/Users/atulkumar/Documents/MLOperations/MLOps/venv/lib/python3.11/site-packages/airflow/example_dags/example_subdag_operator.py                                                           3           0  1.13s           2025-03-03T02:22:30
/Users/atulkumar/Documents/MLOperations/MLOps/venv/lib/python3.11/site-packages/airflow/example_dags/example_datasets.py                                                                  6           0  1.06s           2025-03-03T02:22:43
================================================================================
[2025-03-02T21:24:05.167-0500] {manager.py:889} INFO - 
================================================================================
DAG File Processing Stats

File Path                                                                                                                                                        PID    Runtime      # DAGs    # Errors  Last Runtime    Last Run
---------------------------------------------------------------------------------------------------------------------------------------------------------------  -----  ---------  --------  ----------  --------------  -------------------
/Users/atulkumar/Documents/MLOperations/MLOps/venv/lib/python3.11/site-packages/airflow/example_dags/example_local_kubernetes_executor.py                                                 0           0  0.99s           2025-03-03T02:24:03
/Users/atulkumar/Documents/MLOperations/MLOps/venv/lib/python3.11/site-packages/airflow/example_dags/tutorial_taskflow_api_virtualenv.py                                                  0           0  1.00s           2025-03-03T02:23:15
/Users/atulkumar/Documents/MLOperations/MLOps/venv/lib/python3.11/site-packages/airflow/example_dags/example_setup_teardown.py                                                            0           0  0.94s           2025-03-03T02:23:46
/Users/atulkumar/Documents/MLOperations/MLOps/venv/lib/python3.11/site-packages/airflow/example_dags/example_kubernetes_executor.py                                                       0           0  1.05s           2025-03-03T02:22:35
/Users/atulkumar/Documents/MLOperations/MLOps/venv/lib/python3.11/site-packages/airflow/example_dags/example_setup_teardown_taskflow.py                                                   0           0  1.00s           2025-03-03T02:23:44
/Users/atulkumar/Documents/MLOperations/MLOps/venv/lib/python3.11/site-packages/airflow/example_dags/plugins/workday.py                                                                   0           0  1.45s           2025-03-03T02:23:09
/Users/atulkumar/Documents/MLOperations/MLOps/venv/lib/python3.11/site-packages/airflow/example_dags/plugins/event_listener.py                                                            0           0  1.05s           2025-03-03T02:23:12
/Users/atulkumar/Documents/MLOperations/MLOps/venv/lib/python3.11/site-packages/airflow/example_dags/plugins/listener_plugin.py                                                           0           0  1.01s           2025-03-03T02:23:10
/Users/atulkumar/Documents/MLOperations/MLOps/venv/lib/python3.11/site-packages/airflow/example_dags/subdags/subdag.py                                                                    0           0  1.00s           2025-03-03T02:23:06
/Users/atulkumar/Documents/MLOperations/MLOps/Data-Pipeline/dags/test_pipeline_dag.py                                                                                                     1           0  1.05s           2025-03-03T02:23:04
/Users/atulkumar/Documents/MLOperations/MLOps/Data-Pipeline/dags/dag_test.py                                                                                                              1           0  1.39s           2025-03-03T02:23:03
/Users/atulkumar/Documents/MLOperations/MLOps/venv/lib/python3.11/site-packages/airflow/example_dags/example_latest_only.py                                                               1           0  0.98s           2025-03-03T02:21:54
/Users/atulkumar/Documents/MLOperations/MLOps/venv/lib/python3.11/site-packages/airflow/example_dags/example_task_group_decorator.py                                                      1           0  0.99s           2025-03-03T02:23:33
/Users/atulkumar/Documents/MLOperations/MLOps/venv/lib/python3.11/site-packages/airflow/example_dags/example_complex.py                                                                   1           0  1.18s           2025-03-03T02:22:47
/Users/atulkumar/Documents/MLOperations/MLOps/venv/lib/python3.11/site-packages/airflow/example_dags/example_python_operator.py                                                           1           0  0.97s           2025-03-03T02:23:52
/Users/atulkumar/Documents/MLOperations/MLOps/venv/lib/python3.11/site-packages/airflow/example_dags/example_params_trigger_ui.py                                                         1           0  1.43s           2025-03-03T02:23:59
/Users/atulkumar/Documents/MLOperations/MLOps/venv/lib/python3.11/site-packages/airflow/example_dags/example_bash_operator.py                                                             1           0  1.17s           2025-03-03T02:23:00
/Users/atulkumar/Documents/MLOperations/MLOps/venv/lib/python3.11/site-packages/airflow/example_dags/example_short_circuit_operator.py                                                    1           0  1.12s           2025-03-03T02:23:40
/Users/atulkumar/Documents/MLOperations/MLOps/venv/lib/python3.11/site-packages/airflow/example_dags/example_branch_operator.py                                                           1           0  1.05s           2025-03-03T02:22:52
/Users/atulkumar/Documents/MLOperations/MLOps/venv/lib/python3.11/site-packages/airflow/example_dags/example_branch_labels.py                                                             1           0  1.26s           2025-03-03T02:22:54
/Users/atulkumar/Documents/MLOperations/MLOps/venv/lib/python3.11/site-packages/airflow/example_dags/tutorial_taskflow_api.py                                                             1           0  1.05s           2025-03-03T02:23:16
/Users/atulkumar/Documents/MLOperations/MLOps/venv/lib/python3.11/site-packages/airflow/example_dags/example_task_group.py                                                                1           0  0.91s           2025-03-03T02:23:35
/Users/atulkumar/Documents/MLOperations/MLOps/venv/lib/python3.11/site-packages/airflow/example_dags/tutorial.py                                                                          1           0  1.07s           2025-03-03T02:23:21
/Users/atulkumar/Documents/MLOperations/MLOps/venv/lib/python3.11/site-packages/airflow/example_dags/example_sla_dag.py                                                                   1           0  1.29s           2025-03-03T02:22:33
/Users/atulkumar/Documents/MLOperations/MLOps/venv/lib/python3.11/site-packages/airflow/example_dags/example_passing_params_via_test_command.py                                           1           0  0.93s           2025-03-03T02:23:54
/Users/atulkumar/Documents/MLOperations/MLOps/venv/lib/python3.11/site-packages/airflow/example_dags/example_latest_only_with_trigger.py                                                  1           0  1.06s           2025-03-03T02:24:05
/Users/atulkumar/Documents/MLOperations/MLOps/venv/lib/python3.11/site-packages/airflow/example_dags/example_time_delta_sensor_async.py                                                   1           0  0.99s           2025-03-03T02:23:31
/Users/atulkumar/Documents/MLOperations/MLOps/venv/lib/python3.11/site-packages/airflow/example_dags/example_dag_decorator.py                                                             1           0  1.03s           2025-03-03T02:22:45
/Users/atulkumar/Documents/MLOperations/MLOps/venv/lib/python3.11/site-packages/airflow/example_dags/example_xcom.py                                                                      1           0  1.08s           2025-03-03T02:23:25
/Users/atulkumar/Documents/MLOperations/MLOps/venv/lib/python3.11/site-packages/airflow/example_dags/example_branch_operator_decorator.py                                                 1           0  1.03s           2025-03-03T02:22:50
/Users/atulkumar/Documents/MLOperations/MLOps/venv/lib/python3.11/site-packages/airflow/example_dags/example_branch_day_of_week_operator.py                                               1           0  1.18s           2025-03-03T02:22:56
/Users/atulkumar/Documents/MLOperations/MLOps/venv/lib/python3.11/site-packages/airflow/example_dags/example_skip_dag.py                                                                  1           0  1.15s           2025-03-03T02:23:38
/Users/atulkumar/Documents/MLOperations/MLOps/venv/lib/python3.11/site-packages/airflow/example_dags/example_short_circuit_decorator.py                                                   1           0  1.10s           2025-03-03T02:23:42
/Users/atulkumar/Documents/MLOperations/MLOps/venv/lib/python3.11/site-packages/airflow/example_dags/tutorial_dag.py                                                                      1           0  1.15s           2025-03-03T02:23:19
/Users/atulkumar/Documents/MLOperations/MLOps/venv/lib/python3.11/site-packages/airflow/example_dags/example_trigger_target_dag.py                                                        1           0  1.02s           2025-03-03T02:23:27
/Users/atulkumar/Documents/MLOperations/MLOps/venv/lib/python3.11/site-packages/airflow/example_dags/example_sensor_decorator.py                                                          1           0  0.95s           2025-03-03T02:23:50
/Users/atulkumar/Documents/MLOperations/MLOps/venv/lib/python3.11/site-packages/airflow/example_dags/example_branch_python_dop_operator_3.py                                              1           0  1.09s           2025-03-03T02:22:48
/Users/atulkumar/Documents/MLOperations/MLOps/venv/lib/python3.11/site-packages/airflow/example_dags/example_sensors.py                                                                   1           0  1.02s           2025-03-03T02:23:48
/Users/atulkumar/Documents/MLOperations/MLOps/venv/lib/python3.11/site-packages/airflow/example_dags/example_nested_branch_dag.py                                                         1           0  1.02s           2025-03-03T02:24:01
/Users/atulkumar/Documents/MLOperations/MLOps/venv/lib/python3.11/site-packages/airflow/example_dags/example_dynamic_task_mapping_with_no_taskflow_operators.py                           1           0  1.11s           2025-03-03T02:22:39
/Users/atulkumar/Documents/MLOperations/MLOps/venv/lib/python3.11/site-packages/airflow/example_dags/example_trigger_controller_dag.py                                                    1           0  0.99s           2025-03-03T02:23:29
/Users/atulkumar/Documents/MLOperations/MLOps/venv/lib/python3.11/site-packages/airflow/example_dags/example_params_ui_tutorial.py                                                        1           0  1.11s           2025-03-03T02:23:56
/Users/atulkumar/Documents/MLOperations/MLOps/venv/lib/python3.11/site-packages/airflow/example_dags/example_dynamic_task_mapping.py                                                      1           0  0.95s           2025-03-03T02:22:41
/Users/atulkumar/Documents/MLOperations/MLOps/venv/lib/python3.11/site-packages/airflow/example_dags/example_external_task_marker_dag.py                                                  2           0  1.31s           2025-03-03T02:22:37
/Users/atulkumar/Documents/MLOperations/MLOps/venv/lib/python3.11/site-packages/airflow/example_dags/example_xcomargs.py                                                                  2           0  1.03s           2025-03-03T02:23:23
/Users/atulkumar/Documents/MLOperations/MLOps/venv/lib/python3.11/site-packages/airflow/example_dags/example_branch_datetime_operator.py                                                  3           0  1.25s           2025-03-03T02:22:58
/Users/atulkumar/Documents/MLOperations/MLOps/venv/lib/python3.11/site-packages/airflow/example_dags/example_subdag_operator.py                                                           3           0  1.11s           2025-03-03T02:23:36
/Users/atulkumar/Documents/MLOperations/MLOps/venv/lib/python3.11/site-packages/airflow/example_dags/example_datasets.py                                                                  6           0  1.06s           2025-03-03T02:22:43
================================================================================
[2025-03-02T21:24:36.093-0500] {manager.py:889} INFO - 
================================================================================
DAG File Processing Stats

File Path                                                                                                                                                        PID    Runtime      # DAGs    # Errors  Last Runtime    Last Run
---------------------------------------------------------------------------------------------------------------------------------------------------------------  -----  ---------  --------  ----------  --------------  -------------------
/Users/atulkumar/Documents/MLOperations/MLOps/venv/lib/python3.11/site-packages/airflow/example_dags/example_local_kubernetes_executor.py                                                 0           0  0.99s           2025-03-03T02:24:03
/Users/atulkumar/Documents/MLOperations/MLOps/venv/lib/python3.11/site-packages/airflow/example_dags/tutorial_taskflow_api_virtualenv.py                                                  0           0  1.51s           2025-03-03T02:24:21
/Users/atulkumar/Documents/MLOperations/MLOps/venv/lib/python3.11/site-packages/airflow/example_dags/example_setup_teardown.py                                                            0           0  0.94s           2025-03-03T02:23:46
/Users/atulkumar/Documents/MLOperations/MLOps/venv/lib/python3.11/site-packages/airflow/example_dags/example_kubernetes_executor.py                                                       0           0  1.05s           2025-03-03T02:22:35
/Users/atulkumar/Documents/MLOperations/MLOps/venv/lib/python3.11/site-packages/airflow/example_dags/example_setup_teardown_taskflow.py                                                   0           0  1.00s           2025-03-03T02:23:44
/Users/atulkumar/Documents/MLOperations/MLOps/venv/lib/python3.11/site-packages/airflow/example_dags/plugins/workday.py                                                                   0           0  1.39s           2025-03-03T02:24:15
/Users/atulkumar/Documents/MLOperations/MLOps/venv/lib/python3.11/site-packages/airflow/example_dags/plugins/event_listener.py                                                            0           0  1.18s           2025-03-03T02:24:19
/Users/atulkumar/Documents/MLOperations/MLOps/venv/lib/python3.11/site-packages/airflow/example_dags/plugins/listener_plugin.py                                                           0           0  1.21s           2025-03-03T02:24:17
/Users/atulkumar/Documents/MLOperations/MLOps/venv/lib/python3.11/site-packages/airflow/example_dags/subdags/subdag.py                                                                    0           0  1.05s           2025-03-03T02:24:12
/Users/atulkumar/Documents/MLOperations/MLOps/Data-Pipeline/dags/test_pipeline_dag.py                                                                                                     1           0  1.00s           2025-03-03T02:24:10
/Users/atulkumar/Documents/MLOperations/MLOps/Data-Pipeline/dags/dag_test.py                                                                                                              1           0  1.02s           2025-03-03T02:24:08
/Users/atulkumar/Documents/MLOperations/MLOps/venv/lib/python3.11/site-packages/airflow/example_dags/example_latest_only.py                                                               1           0  1.09s           2025-03-03T02:24:06
/Users/atulkumar/Documents/MLOperations/MLOps/venv/lib/python3.11/site-packages/airflow/example_dags/example_task_group_decorator.py                                                      1           0  0.99s           2025-03-03T02:23:33
/Users/atulkumar/Documents/MLOperations/MLOps/venv/lib/python3.11/site-packages/airflow/example_dags/example_complex.py                                                                   1           0  1.18s           2025-03-03T02:22:47
/Users/atulkumar/Documents/MLOperations/MLOps/venv/lib/python3.11/site-packages/airflow/example_dags/example_python_operator.py                                                           1           0  0.97s           2025-03-03T02:23:52
/Users/atulkumar/Documents/MLOperations/MLOps/venv/lib/python3.11/site-packages/airflow/example_dags/example_params_trigger_ui.py                                                         1           0  1.43s           2025-03-03T02:23:59
/Users/atulkumar/Documents/MLOperations/MLOps/venv/lib/python3.11/site-packages/airflow/example_dags/example_bash_operator.py                                                             1           0  1.17s           2025-03-03T02:23:00
/Users/atulkumar/Documents/MLOperations/MLOps/venv/lib/python3.11/site-packages/airflow/example_dags/example_short_circuit_operator.py                                                    1           0  1.12s           2025-03-03T02:23:40
/Users/atulkumar/Documents/MLOperations/MLOps/venv/lib/python3.11/site-packages/airflow/example_dags/example_branch_operator.py                                                           1           0  1.05s           2025-03-03T02:22:52
/Users/atulkumar/Documents/MLOperations/MLOps/venv/lib/python3.11/site-packages/airflow/example_dags/example_branch_labels.py                                                             1           0  1.26s           2025-03-03T02:22:54
/Users/atulkumar/Documents/MLOperations/MLOps/venv/lib/python3.11/site-packages/airflow/example_dags/tutorial_taskflow_api.py                                                             1           0  1.43s           2025-03-03T02:24:23
/Users/atulkumar/Documents/MLOperations/MLOps/venv/lib/python3.11/site-packages/airflow/example_dags/example_task_group.py                                                                1           0  0.91s           2025-03-03T02:23:35
/Users/atulkumar/Documents/MLOperations/MLOps/venv/lib/python3.11/site-packages/airflow/example_dags/tutorial.py                                                                          1           0  1.25s           2025-03-03T02:24:27
/Users/atulkumar/Documents/MLOperations/MLOps/venv/lib/python3.11/site-packages/airflow/example_dags/example_sla_dag.py                                                                   1           0  1.29s           2025-03-03T02:22:33
/Users/atulkumar/Documents/MLOperations/MLOps/venv/lib/python3.11/site-packages/airflow/example_dags/example_passing_params_via_test_command.py                                           1           0  0.93s           2025-03-03T02:23:54
/Users/atulkumar/Documents/MLOperations/MLOps/venv/lib/python3.11/site-packages/airflow/example_dags/example_latest_only_with_trigger.py                                                  1           0  1.06s           2025-03-03T02:24:05
/Users/atulkumar/Documents/MLOperations/MLOps/venv/lib/python3.11/site-packages/airflow/example_dags/example_time_delta_sensor_async.py                                                   1           0  0.99s           2025-03-03T02:23:31
/Users/atulkumar/Documents/MLOperations/MLOps/venv/lib/python3.11/site-packages/airflow/example_dags/example_dag_decorator.py                                                             1           0  1.03s           2025-03-03T02:22:45
/Users/atulkumar/Documents/MLOperations/MLOps/venv/lib/python3.11/site-packages/airflow/example_dags/example_xcom.py                                                                      1           0  1.06s           2025-03-03T02:24:31
/Users/atulkumar/Documents/MLOperations/MLOps/venv/lib/python3.11/site-packages/airflow/example_dags/example_branch_operator_decorator.py                                                 1           0  1.03s           2025-03-03T02:22:50
/Users/atulkumar/Documents/MLOperations/MLOps/venv/lib/python3.11/site-packages/airflow/example_dags/example_branch_day_of_week_operator.py                                               1           0  1.18s           2025-03-03T02:22:56
/Users/atulkumar/Documents/MLOperations/MLOps/venv/lib/python3.11/site-packages/airflow/example_dags/example_skip_dag.py                                                                  1           0  1.15s           2025-03-03T02:23:38
/Users/atulkumar/Documents/MLOperations/MLOps/venv/lib/python3.11/site-packages/airflow/example_dags/example_short_circuit_decorator.py                                                   1           0  1.10s           2025-03-03T02:23:42
/Users/atulkumar/Documents/MLOperations/MLOps/venv/lib/python3.11/site-packages/airflow/example_dags/tutorial_dag.py                                                                      1           0  1.15s           2025-03-03T02:24:25
/Users/atulkumar/Documents/MLOperations/MLOps/venv/lib/python3.11/site-packages/airflow/example_dags/example_trigger_target_dag.py                                                        1           0  1.10s           2025-03-03T02:24:34
/Users/atulkumar/Documents/MLOperations/MLOps/venv/lib/python3.11/site-packages/airflow/example_dags/example_sensor_decorator.py                                                          1           0  0.95s           2025-03-03T02:23:50
/Users/atulkumar/Documents/MLOperations/MLOps/venv/lib/python3.11/site-packages/airflow/example_dags/example_branch_python_dop_operator_3.py                                              1           0  1.09s           2025-03-03T02:22:48
/Users/atulkumar/Documents/MLOperations/MLOps/venv/lib/python3.11/site-packages/airflow/example_dags/example_sensors.py                                                                   1           0  1.02s           2025-03-03T02:23:48
/Users/atulkumar/Documents/MLOperations/MLOps/venv/lib/python3.11/site-packages/airflow/example_dags/example_nested_branch_dag.py                                                         1           0  1.02s           2025-03-03T02:24:01
/Users/atulkumar/Documents/MLOperations/MLOps/venv/lib/python3.11/site-packages/airflow/example_dags/example_dynamic_task_mapping_with_no_taskflow_operators.py                           1           0  1.11s           2025-03-03T02:22:39
/Users/atulkumar/Documents/MLOperations/MLOps/venv/lib/python3.11/site-packages/airflow/example_dags/example_trigger_controller_dag.py                                                    1           0  1.26s           2025-03-03T02:24:36
/Users/atulkumar/Documents/MLOperations/MLOps/venv/lib/python3.11/site-packages/airflow/example_dags/example_params_ui_tutorial.py                                                        1           0  1.11s           2025-03-03T02:23:56
/Users/atulkumar/Documents/MLOperations/MLOps/venv/lib/python3.11/site-packages/airflow/example_dags/example_dynamic_task_mapping.py                                                      1           0  0.95s           2025-03-03T02:22:41
/Users/atulkumar/Documents/MLOperations/MLOps/venv/lib/python3.11/site-packages/airflow/example_dags/example_external_task_marker_dag.py                                                  2           0  1.31s           2025-03-03T02:22:37
/Users/atulkumar/Documents/MLOperations/MLOps/venv/lib/python3.11/site-packages/airflow/example_dags/example_xcomargs.py                                                                  2           0  1.25s           2025-03-03T02:24:29
/Users/atulkumar/Documents/MLOperations/MLOps/venv/lib/python3.11/site-packages/airflow/example_dags/example_branch_datetime_operator.py                                                  3           0  1.25s           2025-03-03T02:22:58
/Users/atulkumar/Documents/MLOperations/MLOps/venv/lib/python3.11/site-packages/airflow/example_dags/example_subdag_operator.py                                                           3           0  1.11s           2025-03-03T02:23:36
/Users/atulkumar/Documents/MLOperations/MLOps/venv/lib/python3.11/site-packages/airflow/example_dags/example_datasets.py                                                                  6           0  1.06s           2025-03-03T02:22:43
================================================================================
[2025-03-02T21:25:07.209-0500] {manager.py:889} INFO - 
================================================================================
DAG File Processing Stats

File Path                                                                                                                                                        PID    Runtime      # DAGs    # Errors  Last Runtime    Last Run
---------------------------------------------------------------------------------------------------------------------------------------------------------------  -----  ---------  --------  ----------  --------------  -------------------
/Users/atulkumar/Documents/MLOperations/MLOps/venv/lib/python3.11/site-packages/airflow/example_dags/example_local_kubernetes_executor.py                                                 0           0  0.99s           2025-03-03T02:24:03
/Users/atulkumar/Documents/MLOperations/MLOps/venv/lib/python3.11/site-packages/airflow/example_dags/tutorial_taskflow_api_virtualenv.py                                                  0           0  1.51s           2025-03-03T02:24:21
/Users/atulkumar/Documents/MLOperations/MLOps/venv/lib/python3.11/site-packages/airflow/example_dags/example_setup_teardown.py                                                            0           0  0.94s           2025-03-03T02:23:46
/Users/atulkumar/Documents/MLOperations/MLOps/venv/lib/python3.11/site-packages/airflow/example_dags/example_kubernetes_executor.py                                                       0           0  1.09s           2025-03-03T02:24:48
/Users/atulkumar/Documents/MLOperations/MLOps/venv/lib/python3.11/site-packages/airflow/example_dags/example_setup_teardown_taskflow.py                                                   0           0  1.00s           2025-03-03T02:23:44
/Users/atulkumar/Documents/MLOperations/MLOps/venv/lib/python3.11/site-packages/airflow/example_dags/plugins/workday.py                                                                   0           0  1.39s           2025-03-03T02:24:15
/Users/atulkumar/Documents/MLOperations/MLOps/venv/lib/python3.11/site-packages/airflow/example_dags/plugins/event_listener.py                                                            0           0  1.18s           2025-03-03T02:24:19
/Users/atulkumar/Documents/MLOperations/MLOps/venv/lib/python3.11/site-packages/airflow/example_dags/plugins/listener_plugin.py                                                           0           0  1.21s           2025-03-03T02:24:17
/Users/atulkumar/Documents/MLOperations/MLOps/venv/lib/python3.11/site-packages/airflow/example_dags/subdags/subdag.py                                                                    0           0  1.05s           2025-03-03T02:24:12
/Users/atulkumar/Documents/MLOperations/MLOps/Data-Pipeline/dags/test_pipeline_dag.py                                                                                                     1           0  1.00s           2025-03-03T02:24:10
/Users/atulkumar/Documents/MLOperations/MLOps/Data-Pipeline/dags/dag_test.py                                                                                                              1           0  1.02s           2025-03-03T02:24:08
/Users/atulkumar/Documents/MLOperations/MLOps/venv/lib/python3.11/site-packages/airflow/example_dags/example_latest_only.py                                                               1           0  1.09s           2025-03-03T02:24:06
/Users/atulkumar/Documents/MLOperations/MLOps/venv/lib/python3.11/site-packages/airflow/example_dags/example_task_group_decorator.py                                                      1           0  1.53s           2025-03-03T02:24:40
/Users/atulkumar/Documents/MLOperations/MLOps/venv/lib/python3.11/site-packages/airflow/example_dags/example_complex.py                                                                   1           0  2.07s           2025-03-03T02:25:04
/Users/atulkumar/Documents/MLOperations/MLOps/venv/lib/python3.11/site-packages/airflow/example_dags/example_python_operator.py                                                           1           0  0.97s           2025-03-03T02:23:52
/Users/atulkumar/Documents/MLOperations/MLOps/venv/lib/python3.11/site-packages/airflow/example_dags/example_params_trigger_ui.py                                                         1           0  1.43s           2025-03-03T02:23:59
/Users/atulkumar/Documents/MLOperations/MLOps/venv/lib/python3.11/site-packages/airflow/example_dags/example_bash_operator.py                                                             1           0  1.17s           2025-03-03T02:23:00
/Users/atulkumar/Documents/MLOperations/MLOps/venv/lib/python3.11/site-packages/airflow/example_dags/example_short_circuit_operator.py                                                    1           0  1.12s           2025-03-03T02:23:40
/Users/atulkumar/Documents/MLOperations/MLOps/venv/lib/python3.11/site-packages/airflow/example_dags/example_branch_operator.py                                                           1           0  1.05s           2025-03-03T02:22:52
/Users/atulkumar/Documents/MLOperations/MLOps/venv/lib/python3.11/site-packages/airflow/example_dags/example_branch_labels.py                                                             1           0  1.26s           2025-03-03T02:22:54
/Users/atulkumar/Documents/MLOperations/MLOps/venv/lib/python3.11/site-packages/airflow/example_dags/tutorial_taskflow_api.py                                                             1           0  1.43s           2025-03-03T02:24:23
/Users/atulkumar/Documents/MLOperations/MLOps/venv/lib/python3.11/site-packages/airflow/example_dags/example_task_group.py                                                                1           0  1.23s           2025-03-03T02:24:42
/Users/atulkumar/Documents/MLOperations/MLOps/venv/lib/python3.11/site-packages/airflow/example_dags/tutorial.py                                                                          1           0  1.25s           2025-03-03T02:24:27
/Users/atulkumar/Documents/MLOperations/MLOps/venv/lib/python3.11/site-packages/airflow/example_dags/example_sla_dag.py                                                                   1           0  1.19s           2025-03-03T02:24:46
/Users/atulkumar/Documents/MLOperations/MLOps/venv/lib/python3.11/site-packages/airflow/example_dags/example_passing_params_via_test_command.py                                           1           0  0.93s           2025-03-03T02:23:54
/Users/atulkumar/Documents/MLOperations/MLOps/venv/lib/python3.11/site-packages/airflow/example_dags/example_latest_only_with_trigger.py                                                  1           0  1.06s           2025-03-03T02:24:05
/Users/atulkumar/Documents/MLOperations/MLOps/venv/lib/python3.11/site-packages/airflow/example_dags/example_time_delta_sensor_async.py                                                   1           0  1.34s           2025-03-03T02:24:38
/Users/atulkumar/Documents/MLOperations/MLOps/venv/lib/python3.11/site-packages/airflow/example_dags/example_dag_decorator.py                                                             1           0  2.55s           2025-03-03T02:25:01
/Users/atulkumar/Documents/MLOperations/MLOps/venv/lib/python3.11/site-packages/airflow/example_dags/example_xcom.py                                                                      1           0  1.06s           2025-03-03T02:24:31
/Users/atulkumar/Documents/MLOperations/MLOps/venv/lib/python3.11/site-packages/airflow/example_dags/example_branch_operator_decorator.py                                                 1           0  1.03s           2025-03-03T02:22:50
/Users/atulkumar/Documents/MLOperations/MLOps/venv/lib/python3.11/site-packages/airflow/example_dags/example_branch_day_of_week_operator.py                                               1           0  1.18s           2025-03-03T02:22:56
/Users/atulkumar/Documents/MLOperations/MLOps/venv/lib/python3.11/site-packages/airflow/example_dags/example_skip_dag.py                                                                  1           0  1.15s           2025-03-03T02:23:38
/Users/atulkumar/Documents/MLOperations/MLOps/venv/lib/python3.11/site-packages/airflow/example_dags/example_short_circuit_decorator.py                                                   1           0  1.10s           2025-03-03T02:23:42
/Users/atulkumar/Documents/MLOperations/MLOps/venv/lib/python3.11/site-packages/airflow/example_dags/tutorial_dag.py                                                                      1           0  1.15s           2025-03-03T02:24:25
/Users/atulkumar/Documents/MLOperations/MLOps/venv/lib/python3.11/site-packages/airflow/example_dags/example_trigger_target_dag.py                                                        1           0  1.10s           2025-03-03T02:24:34
/Users/atulkumar/Documents/MLOperations/MLOps/venv/lib/python3.11/site-packages/airflow/example_dags/example_sensor_decorator.py                                                          1           0  0.95s           2025-03-03T02:23:50
/Users/atulkumar/Documents/MLOperations/MLOps/venv/lib/python3.11/site-packages/airflow/example_dags/example_branch_python_dop_operator_3.py                                              1           0  1.93s           2025-03-03T02:25:07
/Users/atulkumar/Documents/MLOperations/MLOps/venv/lib/python3.11/site-packages/airflow/example_dags/example_sensors.py                                                                   1           0  1.02s           2025-03-03T02:23:48
/Users/atulkumar/Documents/MLOperations/MLOps/venv/lib/python3.11/site-packages/airflow/example_dags/example_nested_branch_dag.py                                                         1           0  1.02s           2025-03-03T02:24:01
/Users/atulkumar/Documents/MLOperations/MLOps/venv/lib/python3.11/site-packages/airflow/example_dags/example_dynamic_task_mapping_with_no_taskflow_operators.py                           1           0  1.07s           2025-03-03T02:24:52
/Users/atulkumar/Documents/MLOperations/MLOps/venv/lib/python3.11/site-packages/airflow/example_dags/example_trigger_controller_dag.py                                                    1           0  1.26s           2025-03-03T02:24:36
/Users/atulkumar/Documents/MLOperations/MLOps/venv/lib/python3.11/site-packages/airflow/example_dags/example_params_ui_tutorial.py                                                        1           0  1.11s           2025-03-03T02:23:56
/Users/atulkumar/Documents/MLOperations/MLOps/venv/lib/python3.11/site-packages/airflow/example_dags/example_dynamic_task_mapping.py                                                      1           0  1.70s           2025-03-03T02:24:54
/Users/atulkumar/Documents/MLOperations/MLOps/venv/lib/python3.11/site-packages/airflow/example_dags/example_external_task_marker_dag.py                                                  2           0  1.22s           2025-03-03T02:24:50
/Users/atulkumar/Documents/MLOperations/MLOps/venv/lib/python3.11/site-packages/airflow/example_dags/example_xcomargs.py                                                                  2           0  1.25s           2025-03-03T02:24:29
/Users/atulkumar/Documents/MLOperations/MLOps/venv/lib/python3.11/site-packages/airflow/example_dags/example_branch_datetime_operator.py                                                  3           0  1.25s           2025-03-03T02:22:58
/Users/atulkumar/Documents/MLOperations/MLOps/venv/lib/python3.11/site-packages/airflow/example_dags/example_subdag_operator.py                                                           3           0  1.06s           2025-03-03T02:24:44
/Users/atulkumar/Documents/MLOperations/MLOps/venv/lib/python3.11/site-packages/airflow/example_dags/example_datasets.py                                                                  6           0  2.19s           2025-03-03T02:24:58
================================================================================
[2025-03-02T21:25:37.432-0500] {manager.py:889} INFO - 
================================================================================
DAG File Processing Stats

File Path                                                                                                                                                        PID    Runtime      # DAGs    # Errors  Last Runtime    Last Run
---------------------------------------------------------------------------------------------------------------------------------------------------------------  -----  ---------  --------  ----------  --------------  -------------------
/Users/atulkumar/Documents/MLOperations/MLOps/venv/lib/python3.11/site-packages/airflow/example_dags/example_local_kubernetes_executor.py                                                 0           0  0.99s           2025-03-03T02:24:03
/Users/atulkumar/Documents/MLOperations/MLOps/venv/lib/python3.11/site-packages/airflow/example_dags/tutorial_taskflow_api_virtualenv.py                                                  0           0  1.13s           2025-03-03T02:25:33
/Users/atulkumar/Documents/MLOperations/MLOps/venv/lib/python3.11/site-packages/airflow/example_dags/example_setup_teardown.py                                                            0           0  0.94s           2025-03-03T02:23:46
/Users/atulkumar/Documents/MLOperations/MLOps/venv/lib/python3.11/site-packages/airflow/example_dags/example_kubernetes_executor.py                                                       0           0  1.09s           2025-03-03T02:24:48
/Users/atulkumar/Documents/MLOperations/MLOps/venv/lib/python3.11/site-packages/airflow/example_dags/example_setup_teardown_taskflow.py                                                   0           0  1.00s           2025-03-03T02:23:44
/Users/atulkumar/Documents/MLOperations/MLOps/venv/lib/python3.11/site-packages/airflow/example_dags/plugins/workday.py                                                                   0           0  1.43s           2025-03-03T02:25:27
/Users/atulkumar/Documents/MLOperations/MLOps/venv/lib/python3.11/site-packages/airflow/example_dags/plugins/event_listener.py                                                            0           0  1.08s           2025-03-03T02:25:31
/Users/atulkumar/Documents/MLOperations/MLOps/venv/lib/python3.11/site-packages/airflow/example_dags/plugins/listener_plugin.py                                                           0           0  1.02s           2025-03-03T02:25:29
/Users/atulkumar/Documents/MLOperations/MLOps/venv/lib/python3.11/site-packages/airflow/example_dags/subdags/subdag.py                                                                    0           0  1.21s           2025-03-03T02:25:25
/Users/atulkumar/Documents/MLOperations/MLOps/Data-Pipeline/dags/test_pipeline_dag.py                                                                                                     1           0  1.32s           2025-03-03T02:25:24
/Users/atulkumar/Documents/MLOperations/MLOps/Data-Pipeline/dags/dag_test.py                                                                                                              1           0  1.29s           2025-03-03T02:25:21
/Users/atulkumar/Documents/MLOperations/MLOps/venv/lib/python3.11/site-packages/airflow/example_dags/example_latest_only.py                                                               1           0  1.09s           2025-03-03T02:24:06
/Users/atulkumar/Documents/MLOperations/MLOps/venv/lib/python3.11/site-packages/airflow/example_dags/example_task_group_decorator.py                                                      1           0  1.53s           2025-03-03T02:24:40
/Users/atulkumar/Documents/MLOperations/MLOps/venv/lib/python3.11/site-packages/airflow/example_dags/example_complex.py                                                                   1           0  2.07s           2025-03-03T02:25:04
/Users/atulkumar/Documents/MLOperations/MLOps/venv/lib/python3.11/site-packages/airflow/example_dags/example_python_operator.py                                                           1           0  0.97s           2025-03-03T02:23:52
/Users/atulkumar/Documents/MLOperations/MLOps/venv/lib/python3.11/site-packages/airflow/example_dags/example_params_trigger_ui.py                                                         1           0  1.43s           2025-03-03T02:23:59
/Users/atulkumar/Documents/MLOperations/MLOps/venv/lib/python3.11/site-packages/airflow/example_dags/example_bash_operator.py                                                             1           0  1.16s           2025-03-03T02:25:19
/Users/atulkumar/Documents/MLOperations/MLOps/venv/lib/python3.11/site-packages/airflow/example_dags/example_short_circuit_operator.py                                                    1           0  1.12s           2025-03-03T02:23:40
/Users/atulkumar/Documents/MLOperations/MLOps/venv/lib/python3.11/site-packages/airflow/example_dags/example_branch_operator.py                                                           1           0  1.28s           2025-03-03T02:25:11
/Users/atulkumar/Documents/MLOperations/MLOps/venv/lib/python3.11/site-packages/airflow/example_dags/example_branch_labels.py                                                             1           0  1.14s           2025-03-03T02:25:13
/Users/atulkumar/Documents/MLOperations/MLOps/venv/lib/python3.11/site-packages/airflow/example_dags/tutorial_taskflow_api.py                                                             1           0  1.09s           2025-03-03T02:25:35
/Users/atulkumar/Documents/MLOperations/MLOps/venv/lib/python3.11/site-packages/airflow/example_dags/example_task_group.py                                                                1           0  1.23s           2025-03-03T02:24:42
/Users/atulkumar/Documents/MLOperations/MLOps/venv/lib/python3.11/site-packages/airflow/example_dags/tutorial.py                                                                          1           0  1.25s           2025-03-03T02:24:27
/Users/atulkumar/Documents/MLOperations/MLOps/venv/lib/python3.11/site-packages/airflow/example_dags/example_sla_dag.py                                                                   1           0  1.19s           2025-03-03T02:24:46
/Users/atulkumar/Documents/MLOperations/MLOps/venv/lib/python3.11/site-packages/airflow/example_dags/example_passing_params_via_test_command.py                                           1           0  0.93s           2025-03-03T02:23:54
/Users/atulkumar/Documents/MLOperations/MLOps/venv/lib/python3.11/site-packages/airflow/example_dags/example_latest_only_with_trigger.py                                                  1           0  1.06s           2025-03-03T02:24:05
/Users/atulkumar/Documents/MLOperations/MLOps/venv/lib/python3.11/site-packages/airflow/example_dags/example_time_delta_sensor_async.py                                                   1           0  1.34s           2025-03-03T02:24:38
/Users/atulkumar/Documents/MLOperations/MLOps/venv/lib/python3.11/site-packages/airflow/example_dags/example_dag_decorator.py                                                             1           0  2.55s           2025-03-03T02:25:01
/Users/atulkumar/Documents/MLOperations/MLOps/venv/lib/python3.11/site-packages/airflow/example_dags/example_xcom.py                                                                      1           0  1.06s           2025-03-03T02:24:31
/Users/atulkumar/Documents/MLOperations/MLOps/venv/lib/python3.11/site-packages/airflow/example_dags/example_branch_operator_decorator.py                                                 1           0  1.16s           2025-03-03T02:25:09
/Users/atulkumar/Documents/MLOperations/MLOps/venv/lib/python3.11/site-packages/airflow/example_dags/example_branch_day_of_week_operator.py                                               1           0  1.05s           2025-03-03T02:25:15
/Users/atulkumar/Documents/MLOperations/MLOps/venv/lib/python3.11/site-packages/airflow/example_dags/example_skip_dag.py                                                                  1           0  1.15s           2025-03-03T02:23:38
/Users/atulkumar/Documents/MLOperations/MLOps/venv/lib/python3.11/site-packages/airflow/example_dags/example_short_circuit_decorator.py                                                   1           0  1.10s           2025-03-03T02:23:42
/Users/atulkumar/Documents/MLOperations/MLOps/venv/lib/python3.11/site-packages/airflow/example_dags/tutorial_dag.py                                                                      1           0  1.19s           2025-03-03T02:25:37
/Users/atulkumar/Documents/MLOperations/MLOps/venv/lib/python3.11/site-packages/airflow/example_dags/example_trigger_target_dag.py                                                        1           0  1.10s           2025-03-03T02:24:34
/Users/atulkumar/Documents/MLOperations/MLOps/venv/lib/python3.11/site-packages/airflow/example_dags/example_sensor_decorator.py                                                          1           0  0.95s           2025-03-03T02:23:50
/Users/atulkumar/Documents/MLOperations/MLOps/venv/lib/python3.11/site-packages/airflow/example_dags/example_branch_python_dop_operator_3.py                                              1           0  1.93s           2025-03-03T02:25:07
/Users/atulkumar/Documents/MLOperations/MLOps/venv/lib/python3.11/site-packages/airflow/example_dags/example_sensors.py                                                                   1           0  1.02s           2025-03-03T02:23:48
/Users/atulkumar/Documents/MLOperations/MLOps/venv/lib/python3.11/site-packages/airflow/example_dags/example_nested_branch_dag.py                                                         1           0  1.02s           2025-03-03T02:24:01
/Users/atulkumar/Documents/MLOperations/MLOps/venv/lib/python3.11/site-packages/airflow/example_dags/example_dynamic_task_mapping_with_no_taskflow_operators.py                           1           0  1.07s           2025-03-03T02:24:52
/Users/atulkumar/Documents/MLOperations/MLOps/venv/lib/python3.11/site-packages/airflow/example_dags/example_trigger_controller_dag.py                                                    1           0  1.26s           2025-03-03T02:24:36
/Users/atulkumar/Documents/MLOperations/MLOps/venv/lib/python3.11/site-packages/airflow/example_dags/example_params_ui_tutorial.py                                                        1           0  1.11s           2025-03-03T02:23:56
/Users/atulkumar/Documents/MLOperations/MLOps/venv/lib/python3.11/site-packages/airflow/example_dags/example_dynamic_task_mapping.py                                                      1           0  1.70s           2025-03-03T02:24:54
/Users/atulkumar/Documents/MLOperations/MLOps/venv/lib/python3.11/site-packages/airflow/example_dags/example_external_task_marker_dag.py                                                  2           0  1.22s           2025-03-03T02:24:50
/Users/atulkumar/Documents/MLOperations/MLOps/venv/lib/python3.11/site-packages/airflow/example_dags/example_xcomargs.py                                                                  2           0  1.25s           2025-03-03T02:24:29
/Users/atulkumar/Documents/MLOperations/MLOps/venv/lib/python3.11/site-packages/airflow/example_dags/example_branch_datetime_operator.py                                                  3           0  1.19s           2025-03-03T02:25:17
/Users/atulkumar/Documents/MLOperations/MLOps/venv/lib/python3.11/site-packages/airflow/example_dags/example_subdag_operator.py                                                           3           0  1.06s           2025-03-03T02:24:44
/Users/atulkumar/Documents/MLOperations/MLOps/venv/lib/python3.11/site-packages/airflow/example_dags/example_datasets.py                                                                  6           0  2.19s           2025-03-03T02:24:58
================================================================================
[2025-03-02T21:25:42.527-0500] {manager.py:470} INFO - Exiting gracefully upon receiving signal 15
